"gap_id","topic_title","topic_area","search_volume","keyword_difficulty","primary_keyword","content_type","estimated_time","approval_status","created_at"
"GAP-QW-001","How to Build a Low‑Cost SIP Portfolio for 2025","mutual_funds","9500","24","low cost sip portfolio","ymyl","30-45 days","Yes","2025-10-07T12:06:23.688Z"
"GAP-QW-002","Capital Gains Tax on Mutual Fund Redemption: 2025 Rules Explained","tax_planning","8200","27","mutual fund capital gains tax 2025","ymyl","35-50 days","Yes","2025-10-07T12:06:23.688Z"
"GAP-QW-003","Optimizing NPS Tier‑II Contributions for Tax Savings & Growth in 2025","retirement_planning","7200","26","nps tier ii tax benefits 2025","ymyl","35-50 days","Yes","2025-10-07T12:06:23.688Z"
"GAP-QW-004","Comparative Review of ULIP vs Term Insurance for Young Professionals 2025","insurance","6800","29","ulip vs term insurance 2025","ymyl","40-55 days","Yes","2025-10-07T12:06:23.688Z"
"GAP-QW-005","Zero‑Based Budgeting for Indian Households: Templates & Apps 2025","personal_finance","11200","22","zero based budgeting india","informational","25-40 days","Yes","2025-10-07T12:06:23.688Z"
"GAP-QW-006","Zero‑Based Budgeting for Indian Salaried Employees: A Step‑by‑Step Workbook","personal_finance","6500","25","zero based budgeting India","informational","30-45 days","Yes","2025-10-08T09:57:02.310Z"
"GAP-QW-007","Advanced SIP Strategies for Tax Optimization 2025","systematic_investing","9800","24","tax saving sip strategies","ymyl","35-50 days","Yes","2025-10-08T21:34:54.946Z"
"GAP-QW-008","Digital Gold vs Physical Gold: Tax Implications, Storage Costs & Returns 2025","digital_gold","10200","25","digital gold vs physical gold tax","ymyl","35-50 days","Yes","2025-10-08T21:34:54.946Z"
"GAP-QW-009","Building a Diversified Portfolio with Fractional Shares in India – 2025 Guide","fractional_investing","7700","22","fractional shares investing India","ymyl","30-45 days","Yes","2025-10-08T21:34:54.946Z"
"GAP-QW-010","Small Cap vs Mid Cap vs Large Cap Funds: Complete Comparison","fund_comparison","3500","22","small cap vs mid cap vs large cap","comparison","N/A","Yes","2025-10-09T18:39:01.320Z"
"GAP-QW-011","SIP Investment Strategies for Maximum Tax Savings","tax_savings","4200","20","SIP tax savings","strategy","N/A","Yes","2025-10-09T18:39:01.320Z"
"GAP-QW-012","Tax‑Saving Mutual Funds (ELSS) Explained in 2025","tax_saving_funds","3800","24","ELSS mutual funds","explanation","N/A","Yes","2025-10-09T18:39:01.320Z"
"GAP-QW-013","Best Investment Apps Comparison 2025 – Fees, Features, UX","investment_apps","3100","23","investment apps comparison","comparison","N/A","Yes","2025-10-09T18:39:01.320Z"
"GAP-QW-014","Beginner’s Guide to Stock Market Basics in India","stock_market_basics","2900","21","stock market basics","guide","N/A","Yes","2025-10-09T18:39:01.320Z"
"GAP-QW-015","Small Cap vs Mid Cap vs Large Cap Funds: Complete Comparison","","3500","22","","","","Yes","2025-10-12T15:42:17.503Z"
"GAP-QW-016","How to Open a Demat Account in 2025: Step‑by‑Step Guide","","4800","18","","","","Yes","2025-10-12T15:42:17.503Z"
"GAP-QW-017","Zero Brokerage Plans: Which Platform Is Truly Free in 2025?","","4100","20","","","","Yes","2025-10-12T15:42:17.503Z"
"GAP-QW-018","Best SIP Calculator Apps for Indian Investors 2025","","2900","19","","","","Yes","2025-10-12T15:42:17.503Z"
"GAP-QW-019","Understanding SEBI’s New KYC Norms for WealthTech Platforms","","2600","25","","","","Yes","2025-10-12T15:42:17.503Z"
"GAP-QW-020","Top 5 Low‑Cost Index Funds for Long‑Term Wealth Creation","","5300","24","","","","Yes","2025-10-12T15:42:17.503Z"
"GAP-QW-021","How to Transfer Mutual Fund SIPs Between Platforms","","2100","21","","","","Yes","2025-10-12T15:42:17.503Z"
"GAP-QW-022","Digital Gold vs Gold ETFs: Which Is Better for Tax Efficiency?","","2400","23","","","","Yes","2025-10-12T15:42:17.503Z"
"GAP-QW-023","Best Robo‑Advisors for Beginners in India 2025","","3200","27","","","","Yes","2025-10-12T15:42:17.503Z"
"GAP-QW-024","Small Cap vs Mid Cap vs Large Cap Funds: Complete Comparison","","3500","22","","","","Yes","2025-10-12T15:47:22.420Z"
"GAP-QW-025","How to Open a Demat Account in 2025 – Step by Step Guide","","4200","18","","","","Yes","2025-10-12T15:47:22.420Z"
"GAP-QW-026","Zero‑Commission Trading Apps in India – Are They Really Free?","","3100","20","","","","Yes","2025-10-12T15:47:22.420Z"
"GAP-QW-027","Best Tax‑Saving Mutual Funds for FY 2025‑26","","4800","25","","","","Yes","2025-10-12T15:47:22.420Z"
"GAP-QW-028","Understanding SEBI’s New KYC Norms for Digital Wealth Platforms","","2600","24","","","","Yes","2025-10-12T15:47:22.420Z"
"GAP-QW-029","How to Transfer Mutual Fund SIPs Between Platforms","","1900","19","","","","Yes","2025-10-12T15:47:22.420Z"
"GAP-QW-030","Top 5 Low‑Cost Index ETFs in India for 2025","","4100","27","","","","Yes","2025-10-12T15:47:22.420Z"
"GAP-QW-031","Digital Gold vs Physical Gold – Which Is Better for 2025?","","3700","23","","","","Yes","2025-10-12T15:47:22.420Z"
"GAP-QW-032","Small Cap vs Mid Cap vs Large Cap Funds: Complete Comparison","","3500","22","","","","Yes","2025-10-12T16:06:19.071Z"
"GAP-QW-033","How to Choose a Tax‑Saving Mutual Fund in 2025","","4200","24","","","","Yes","2025-10-12T16:06:19.071Z"
"GAP-QW-034","Best SIP Calculator Apps for Indian Investors","","3100","18","","","","Yes","2025-10-12T16:06:19.071Z"
"GAP-QW-035","Understanding SEBI’s New Disclosure Norms for Mutual Funds (2025)","","2700","27","","","","Yes","2025-10-12T16:06:19.071Z"
"GAP-QW-036","Top 5 Low‑Cost Index Funds for Indian Retail Investors","","4600","26","","","","Yes","2025-10-12T16:06:19.071Z"
"GAP-QW-037","How to Open a Demat Account in 2025: Step‑by‑Step Guide","","5400","20","","","","Yes","2025-10-12T16:06:19.071Z"
"GAP-QW-038","Digital Gold Pricing: How It Is Determined & What to Watch","","3300","23","","","","Yes","2025-10-12T16:06:19.071Z"
"GAP-QW-039","ETF vs Mutual Fund: Key Differences for Indian Investors","","3800","25","","","","Yes","2025-10-12T16:06:19.071Z"
"GAP-QW-040","Best Robo‑Advisor Platforms for Beginners in India","","2900","28","","","","Yes","2025-10-12T16:06:19.071Z"
"GAP-QW-041","How to Transfer Mutual Funds Between Platforms (2025)","","2500","19","","","","Yes","2025-10-12T16:06:19.071Z"
"GAP-QW-042","Understanding the Tax Implications of Selling Mutual Fund Units","","4100","27","","","","Yes","2025-10-12T16:06:19.071Z"
"GAP-QW-043","Top 7 Money‑Management Apps for Indian Millennials","","3600","22","","","","Yes","2025-10-12T16:06:19.071Z"
"GAP-QW-044","How to Use SIP Calculator for Goal‑Based Planning","","3200","21","","","","Yes","2025-10-12T16:06:19.071Z"
"GAP-QW-045","NPS vs EPF vs PPF: Which Is Best for Retirement Savings?","","4400","30","","","","Yes","2025-10-12T16:06:19.071Z"
"GAP-QW-046","Index Investing in India: A Beginner's Guide","index_investing","8000","22","index investing guide","ymyl","30-45 days","Yes","2025-10-12T16:31:32.095Z"
"GAP-QW-047","SIP vs Lumpsum: Which is Better for Investing?","systematic_investing","10000","25","sip vs lumpsum","ymyl","35-50 days","Yes","2025-10-12T16:31:32.095Z"
"GAP-QW-048","Robo Advisory Services in India: A Comparison","robo_advisory","6000","20","robo advisory india","ymyl","30-45 days","Yes","2025-10-12T16:31:32.095Z"
"GAP-QW-049","Digital Gold Investment in India: A Guide","digital_gold","6000","22","digital gold india","ymyl","30-45 days","Yes","2025-10-12T16:31:32.095Z"
"GAP-QW-050","Small Cap vs Mid Cap vs Large Cap Funds: Complete Comparison","","3500","22","","","","Yes","2025-10-12T17:55:46.789Z"
"GAP-QW-051","How to Use SIP Calculator for Monthly Investment Planning","","4200","18","","","","Yes","2025-10-12T17:55:46.789Z"
"GAP-QW-052","Best Zero‑Commission Mutual Funds for 2025","","3100","24","","","","Yes","2025-10-12T17:55:46.789Z"
"GAP-QW-053","Understanding SEBI’s New KYC Norms for WealthTech Apps","","2600","20","","","","Yes","2025-10-12T17:55:46.789Z"
"GAP-QW-054","Top 5 Low‑Cost Index Funds for Beginners","","4800","26","","","","Yes","2025-10-12T17:55:46.789Z"
"GAP-QW-055","How to Transfer Mutual Fund Holdings Between Platforms","","1900","15","","","","Yes","2025-10-12T17:55:46.789Z"
"GAP-QW-056","Tax Implications of Selling Gold ETFs","","2200","19","","","","Yes","2025-10-12T17:55:46.789Z"
"GAP-QW-057","Step‑by‑Step Guide to Opening a Demat Account in 2025","","5400","23","","","","Yes","2025-10-12T17:55:46.789Z"
"GAP-QW-058","Best Mobile Apps for Tracking SIP Performance","","2600","21","","","","Yes","2025-10-12T17:55:46.789Z"
"GAP-QW-059","Understanding the Tax Benefits of ELSS Funds","","3100","22","","","","Yes","2025-10-12T17:55:46.789Z"
"GAP-QW-060","How to Set Up Automatic SIPs on Paytm Money","","1700","14","","","","Yes","2025-10-12T17:55:46.789Z"
"GAP-QW-061","Comparing Brokerage Charges: Discount vs Full‑Service Brokers","","3800","27","","","","Yes","2025-10-12T17:55:46.789Z"
"GAP-QW-062","What is a Systematic Transfer Plan (STP) and How It Works","","2100","18","","","","Yes","2025-10-12T17:55:46.789Z"
"GAP-QW-063","Guide to Investing in NPS for Tax Savings","","2900","24","","","","Yes","2025-10-12T17:55:46.789Z"
"GAP-QW-064","Top 3 Robo‑Advisors for Indian Retail Investors","","2500","25","","","","Yes","2025-10-12T17:55:46.789Z"
"GAP-QW-065","How to Claim Tax Refund on Mutual Fund Dividends","","1800","16","","","","Yes","2025-10-12T17:55:46.789Z"
"GAP-QW-066","Understanding the Basics of Algo Trading for Beginners","","3400","28","","","","Yes","2025-10-12T17:55:46.789Z"
"GAP-QW-067","Best Practices for Secure Digital Wallet Transactions","","2600","19","","","","Yes","2025-10-12T17:55:46.789Z"
"GAP-QW-068","How to Invest in US Stocks Through INDmoney","","2300","22","","","","Yes","2025-10-12T17:55:46.789Z"
"GAP-QW-069","Step‑by‑Step Guide to Buying Gold ETFs on Groww","","2000","17","","","","Yes","2025-10-12T17:55:46.789Z"
"GAP-QW-070","Small Cap vs Mid Cap vs Large Cap Funds: Complete Comparison","","3500","22","","","","Yes","2025-10-12T18:16:49.559Z"
"GAP-QW-071","How to Open a Zero‑Commission Demat Account in 2025","","4200","18","","","","Yes","2025-10-12T18:16:49.559Z"
"GAP-QW-072","Best SIP Calculator Apps Compared – 2025 Review","","3100","24","","","","Yes","2025-10-12T18:16:49.559Z"
"GAP-QW-073","Understanding the Tax on Digital Gold Purchases","","2900","26","","","","Yes","2025-10-12T18:16:49.559Z"
"GAP-QW-074","Top 5 Low‑Cost Mutual Fund Platforms for Beginners","","3800","20","","","","Yes","2025-10-12T18:16:49.559Z"
"GAP-QW-075","How to Transfer Mutual Fund Holdings Between Platforms","","2600","23","","","","Yes","2025-10-12T18:16:49.559Z"
"GAP-QW-076","NPS vs EPF – Which Gives Better Returns in 2025?","","3400","27","","","","Yes","2025-10-12T18:16:49.559Z"
"GAP-QW-077","Step‑by‑Step Guide to Investing in US ETFs from India","","3100","28","","","","Yes","2025-10-12T18:16:49.559Z"
"GAP-QW-078","Understanding Brokerage Charges – A Simple Breakdown","","2700","19","","","","Yes","2025-10-12T18:16:49.559Z"
"GAP-QW-079","Best Practices for Secure Online Trading – 2025 Checklist","","2500","21","","","","Yes","2025-10-12T18:16:49.559Z"
"GAP-QW-080","How to Use SIP Calendar for Tax‑Saving Investments","","2400","22","","","","Yes","2025-10-12T18:16:49.559Z"
"GAP-QW-081","Understanding the Basics of Algo Trading for Retail Investors","","2600","29","","","","Yes","2025-10-12T18:16:49.559Z"
"GAP-QW-082","Top 7 Tax‑Saving Insurance Policies in 2025","","3000","25","","","","Yes","2025-10-12T18:16:49.559Z"
"GAP-QW-083","How to Track Your Net Worth Using Free Apps","","2200","18","","","","Yes","2025-10-12T18:16:49.559Z"
"GAP-QW-084","","","","","","","","Yes","2025-10-12T18:16:49.559Z"
"GAP-QW-085","Small Cap vs Mid Cap vs Large Cap Funds: Complete Comparison","","3500","22","","","","Yes","2025-10-12T18:17:20.960Z"
"GAP-QW-086","How to Open a Demat Account in 2025: Step‑by‑Step Guide","","4200","18","","","","Yes","2025-10-12T18:17:20.960Z"
"GAP-QW-087","Best SIP Calculator Apps Compared 2025","","3100","20","","","","Yes","2025-10-12T18:17:20.960Z"
"GAP-QW-088","Zero‑Commission Stock Brokers in India: Updated List 2025","","4800","25","","","","Yes","2025-10-12T18:17:20.960Z"
"GAP-QW-089","NPS vs EPF: Which Is Better for Retirement?","","2600","23","","","","Yes","2025-10-12T18:17:20.960Z"
"GAP-QW-090","Top 5 Tax‑Saving Mutual Funds for FY 2025‑26","","5400","27","","","","Yes","2025-10-12T18:17:20.960Z"
"GAP-QW-091","How to Transfer Mutual Fund SIPs Between Platforms","","1900","19","","","","Yes","2025-10-12T18:17:20.960Z"
"GAP-QW-092","Understanding the New RBI Digital Gold Storage Guidelines","","2100","21","","","","Yes","2025-10-12T18:17:20.960Z"
"GAP-QW-093","Best Low‑Cost Index Funds for Indian Investors 2025","","6200","28","","","","Yes","2025-10-12T18:17:20.960Z"
"GAP-QW-094","How to Claim Tax Benefits on ELSS Funds","","3400","22","","","","Yes","2025-10-12T18:17:20.960Z"
"GAP-QW-095","","","","","","","","Yes","2025-10-12T18:17:20.960Z"
"GAP-QW-096","Small Cap vs Mid Cap vs Large Cap Funds: Complete Comparison","","3500","22","","","","Yes","2025-10-12T18:22:01.673Z"
"GAP-QW-097","Best Tax‑Saving Mutual Funds for FY 2025","","4200","25","","","","Yes","2025-10-12T18:22:01.673Z"
"GAP-QW-098","How to Transfer SIPs Between Platforms Without Penalty","","3100","20","","","","Yes","2025-10-12T18:22:01.673Z"
"GAP-QW-099","Zero‑Commission Brokers in India: Updated 2025 List","","3800","18","","","","Yes","2025-10-12T18:22:01.673Z"
"GAP-QW-100","Understanding the New SEBI KYC Norms for Digital Investors","","2600","27","","","","Yes","2025-10-12T18:22:01.673Z"
"GAP-QW-101","Top 5 Low‑Cost Index Funds for 2025","","4400","24","","","","Yes","2025-10-12T18:22:01.673Z"
"GAP-QW-102","Digital Gold Pricing: How It Differs From Physical Gold","","2900","21","","","","Yes","2025-10-12T18:22:01.673Z"
"GAP-QW-103","Step‑by‑Step Guide to Opening a Demat Account in 2025","","4700","19","","","","Yes","2025-10-12T18:22:01.673Z"
"GAP-QW-104","Best Mutual Fund Apps for Android (2025)","","3500","22","","","","Yes","2025-10-12T18:22:01.673Z"
"GAP-QW-105","How to Claim Tax Benefits on ELSS Funds","","4100","23","","","","Yes","2025-10-12T18:22:01.673Z"
"GAP-QW-106","Understanding SIP Reset: When and How to Use It","","2700","20","","","","Yes","2025-10-12T18:22:01.673Z"
"GAP-QW-107","Top 7 Robo‑Advisors in India for 2025","","3200","26","","","","Yes","2025-10-12T18:22:01.673Z"
"GAP-QW-108","How to Invest in US Stocks from India in 2025","","4600","28","","","","Yes","2025-10-12T18:22:01.673Z"
"GAP-QW-109","Understanding the New RBI Guidelines for Digital Gold","","2400","25","","","","Yes","2025-10-12T18:22:01.673Z"
"GAP-QW-110","Best SIP Calculator Apps for Android (2025)","","3000","18","","","","Yes","2025-10-12T18:22:01.673Z"
"GAP-QW-111","How to Transfer Mutual Fund Holdings Between Brokers","","2800","22","","","","Yes","2025-10-12T18:22:01.673Z"
"GAP-QW-112","Top 5 Low‑Risk Debt Funds for 2025","","3500","24","","","","Yes","2025-10-12T18:22:01.673Z"
"GAP-QW-113","Understanding SEBI’s New Disclosure Requirements for Mutual Funds","","2600","30","","","","Yes","2025-10-12T18:22:01.673Z"
"GAP-QW-114","How to Use UPI Autopay for SIPs Efficiently","","3100","19","","","","Yes","2025-10-12T18:22:01.673Z"
"GAP-QW-115","Best Platforms for Fractional Real‑estate Investment in India","","2400","27","","","","Yes","2025-10-12T18:22:01.673Z"
"GAP-QW-116","Small Cap vs Mid Cap vs Large Cap Funds: Complete Comparison","","3500","22","","","","Pending","2025-10-13T04:32:44.560Z"
"GAP-QW-117","How to Use SIP Calculator for Accurate 5‑Year Projections","","4200","18","","","","Pending","2025-10-13T04:32:44.560Z"
"GAP-QW-118","Best Tax‑Saving ELSS Funds for FY 2025‑26","","5100","24","","","","Pending","2025-10-13T04:32:44.560Z"
"GAP-QW-119","Digital Gold vs Gold ETFs: Which is Cheaper in 2025?","","2900","20","","","","Pending","2025-10-13T04:32:44.560Z"
"GAP-QW-120","Understanding the Basics of Algo Trading for Retail Investors","","3800","27","","","","Pending","2025-10-13T04:32:44.560Z"
"GAP-QW-121","Step‑by‑Step Guide to Opening a Demat Account on Paytm Money","","4600","19","","","","Pending","2025-10-13T04:32:44.560Z"
"GAP-QW-122","Top 5 Low‑Cost Index Funds for Indian Investors 2025","","5400","25","","","","Pending","2025-10-13T04:32:44.560Z"
"GAP-QW-123","How to Transfer Mutual Fund Holdings Between Platforms","","2100","16","","","","Pending","2025-10-13T04:32:44.560Z"
"GAP-QW-124","Understanding SEBI’s New Disclosure Requirements for Mutual Funds","","2600","23","","","","Pending","2025-10-13T04:32:44.560Z"
"GAP-QW-125","Best Practices for Portfolio Rebalancing Quarterly","","3300","21","","","","Pending","2025-10-13T04:32:44.560Z"
"GAP-QW-126","Small Cap vs Mid Cap vs Large Cap Funds: Complete Comparison","","3500","22","","","","Pending","2025-10-13T07:47:28.231Z"
"GAP-QW-127","How to Choose the Right ELSS Fund for Tax Saving 2025","","4200","24","","","","Pending","2025-10-13T07:47:28.231Z"
"GAP-QW-128","Best SIP Calculator Apps Compared – Features & Accuracy","","3100","20","","","","Pending","2025-10-13T07:47:28.231Z"
"GAP-QW-129","Understanding SEBI’s New KYC Requirements for WealthTech Apps","","2800","18","","","","Pending","2025-10-13T07:47:28.231Z"
"GAP-QW-130","Top 5 Low‑Cost Index Funds in India for 2025","","4600","25","","","","Pending","2025-10-13T07:47:28.231Z"
"GAP-QW-131","Digital Gold vs Physical Gold: Which Is Better for 2025?","","3400","23","","","","Pending","2025-10-13T07:47:28.231Z"
"GAP-QW-132","Step‑by‑Step Guide to Open a Demat Account in 2025","","5000","19","","","","Pending","2025-10-13T07:47:28.231Z"
"GAP-QW-133","How to Invest in US Stocks from India – A 2025 Checklist","","3800","27","","","","Pending","2025-10-13T07:47:28.231Z"
"GAP-QW-134","Understanding the Tax Implications of Digital Gold Purchases","","2600","21","","","","Pending","2025-10-13T07:47:28.231Z"
"GAP-QW-135","Best Mutual Fund Apps for Beginners – 2025 Review","","4400","26","","","","Pending","2025-10-13T07:47:28.231Z"
"GAP-QW-136","How to Use a SIP Calculator to Maximize Returns","","3200","18","","","","Pending","2025-10-13T07:47:28.231Z"
"GAP-QW-137","Understanding RBI’s New Guidelines for Digital Lending Platforms","","2500","22","","","","Pending","2025-10-13T07:47:28.231Z"
"GAP-QW-138","Top 3 Robo‑Advisors in India – Feature Comparison 2025","","3000","24","","","","Pending","2025-10-13T07:47:28.231Z"
"GAP-QW-139","How to Transfer Mutual Fund Holdings Between Platforms","","2700","20","","","","Pending","2025-10-13T07:47:28.231Z"
"GAP-QW-140","Understanding the Basics of Algo Trading for Retail Investors","","3100","28","","","","Pending","2025-10-13T07:47:28.231Z"
"GAP-QW-141","NPS vs EPF vs PPF – Which Retirement Tool Suits You?","","3800","23","","","","Pending","2025-10-13T07:47:28.231Z"
"GAP-QW-142","How to Set Up a Goal‑Based Portfolio in 5 Steps","","3400","21","","","","Pending","2025-10-13T07:47:28.231Z"
"GAP-QW-143","Best Practices for Secure KYC on WealthTech Apps","","2600","19","","","","Pending","2025-10-13T07:47:28.231Z"
"GAP-QW-144","Understanding the Impact of Inflation on Fixed Deposits vs Mutual Funds","","3000","22","","","","Pending","2025-10-13T07:47:28.231Z"
"GAP-QW-145","How to Claim Tax Benefits on ELSS Funds – Step by Step","","4200","25","","","","Pending","2025-10-13T07:47:28.231Z"
"GAP-QW-146","Small Cap vs Mid Cap vs Large Cap Funds: Complete Comparison","","3500","22","","","N/A","Pending","2025-10-13T07:58:41.493Z"
"GAP-QW-147","How to Choose a Low‑Cost Index Fund in 2025","","4200","20","","","N/A","Pending","2025-10-13T07:58:41.493Z"
"GAP-QW-148","Small Cap vs Mid Cap vs Large Cap Funds: Complete Comparison","","3500","22","","","","Pending","2025-10-13T08:12:06.265Z"
"GAP-QW-149","How to Open a Demat Account in 5 Minutes – 2025 Guide","","4200","18","","","","Pending","2025-10-13T08:12:06.265Z"
"GAP-QW-150","Best Zero‑Commission Mutual Fund Platforms in India 2025","","3100","20","","","","Pending","2025-10-13T08:12:06.265Z"
"GAP-QW-151","Understanding Expense Ratios: What Every Investor Should Know","","2700","24","","","","Pending","2025-10-13T08:12:06.265Z"
"GAP-QW-152","Top 5 Tax‑Saving Mutual Funds for FY 2025‑26","","4800","26","","","","Pending","2025-10-13T08:12:06.265Z"
"GAP-QW-153","Digital Gold vs Physical Gold: Which Is Safer?","","3900","23","","","","Pending","2025-10-13T08:12:06.265Z"
"GAP-QW-154","SIP vs Lump‑Sum Investment: Pros & Cons in 2025","","4400","21","","","","Pending","2025-10-13T08:12:06.265Z"
"GAP-QW-155","How to Transfer Mutual Fund Holdings Between Platforms","","2600","19","","","","Pending","2025-10-13T08:12:06.265Z"
"GAP-QW-156","Best Apps for Tracking NPS Contributions","","1800","17","","","","Pending","2025-10-13T08:12:06.265Z"
"GAP-QW-157","Understanding SEBI’s New KYC Norms for Wealth Apps","","2200","25","","","","Pending","2025-10-13T08:12:06.265Z"
"GAP-QW-158","How to Claim Tax Refund on Mutual Fund Dividends","","3000","22","","","","Pending","2025-10-13T08:12:06.265Z"
"GAP-QW-159","Top 3 Low‑Risk Debt Funds for Conservative Investors","","3400","24","","","","Pending","2025-10-13T08:12:06.265Z"
"GAP-QW-160","How","","0","0","","","","Pending","2025-10-13T08:12:06.265Z"
"GAP-QW-161","Small Cap vs Mid Cap vs Large Cap Funds: Complete Comparison","","3500","22","Small Cap vs Mid Cap vs Large Cap Funds: Complete Comparison","blog","1-2 hours","Pending","2025-10-13T08:16:50.837Z"
"GAP-QW-162","How to Choose a Tax‑Saving ELSS Fund in 2025","","4200","25","How to Choose a Tax‑Saving ELSS Fund in 2025","blog","1-2 hours","Pending","2025-10-13T08:16:50.837Z"
"GAP-QW-163","Understanding the New SEBI KYC Norms for Digital Wealth Platforms","","2600","18","Understanding the New SEBI KYC Norms for Digital Wealth Platforms","blog","1-2 hours","Pending","2025-10-13T08:16:50.837Z"
"GAP-QW-164","Best Low‑Cost Index ETFs for Indian Investors 2025","","4700","27","Best Low‑Cost Index ETFs for Indian Investors 2025","blog","1-2 hours","Pending","2025-10-13T08:16:50.837Z"
"GAP-QW-165","Digital Gold vs Gold ETFs: Which Is Safer?","","3100","20","Digital Gold vs Gold ETFs: Which Is Safer?","blog","1-2 hours","Pending","2025-10-13T08:16:50.837Z"
"GAP-QW-166","Step‑by‑Step Guide to Opening a Demat Account in 2025","","5800","24","Step‑by‑Step Guide to Opening a Demat Account in 2025","blog","1-2 hours","Pending","2025-10-13T08:16:50.837Z"
"GAP-QW-167","How SIP Calculator Works – Real‑World Example 2025","","3400","19","How SIP Calculator Works – Real‑World Example 2025","blog","1-2 hours","Pending","2025-10-13T08:16:50.837Z"
"GAP-QW-168","Top 5 Robo‑Advisors for Beginners in India","","3900","23","Top 5 Robo‑Advisors for Beginners in India","blog","1-2 hours","Pending","2025-10-13T08:16:50.837Z"
"GAP-QW-169","Understanding LRS Limits for NRI Investors in 2025","","2700","21","Understanding LRS Limits for NRI Investors in 2025","blog","1-2 hours","Pending","2025-10-13T08:16:50.837Z"
"GAP-QW-170","Best Mutual Fund Apps for SIP Automation 2025","","4200","26","Best Mutual Fund Apps for SIP Automation 2025","blog","1-2 hours","Pending","2025-10-13T08:16:50.837Z"
"GAP-QW-171","Small Cap vs Mid Cap vs Large Cap Funds: Complete Comparison","","3500","22","","","","Pending","2025-10-13T09:56:34.766Z"
"GAP-QW-172","How to Choose a Low‑Cost Direct Mutual Fund in 2025","","4200","18","","","","Pending","2025-10-13T09:56:34.766Z"
"GAP-QW-173","SIP Calculator: Quick Returns Estimator for 2025","","3100","15","","","","Pending","2025-10-13T09:56:34.766Z"
"GAP-QW-174","Tax Benefits of ELSS Funds Explained","","2800","20","","","","Pending","2025-10-13T09:56:34.766Z"
"GAP-QW-175","Best Zero‑Commission Brokerage Apps for Indian Traders","","4600","24","","","","Pending","2025-10-13T09:56:34.766Z"
"GAP-QW-176","Understanding Expense Ratios: What Every Investor Should Know","","2500","19","","","","Pending","2025-10-13T09:56:34.766Z"
"GAP-QW-177","How to Transfer Mutual Fund Holdings Between Platforms","","1900","14","","","","Pending","2025-10-13T09:56:34.766Z"
"GAP-QW-178","Top 5 Low‑Risk Debt Funds for 2025","","3400","21","","","","Pending","2025-10-13T09:56:34.766Z"
"GAP-QW-179","How to Set Up UPI Auto‑Pay for SIPs","","2200","12","","","","Pending","2025-10-13T09:56:34.766Z"
"GAP-QW-180","Difference Between Direct and Regular Mutual Fund Plans","","3800","23","","","","Pending","2025-10-13T09:56:34.766Z"
"GAP-QW-181","Best Mutual Fund Apps for First‑Time Investors","","4100","22","","","","Pending","2025-10-13T09:56:34.766Z"
"GAP-QW-182","How to Claim Tax Refund on ELSS Investments","","2600","18","","","","Pending","2025-10-13T09:56:34.766Z"
"GAP-QW-183","Understanding SIP Pause & Resume Features","","1700","13","","","","Pending","2025-10-13T09:56:34.766Z"
"GAP-QW-184","Top 3 Gold ETFs for Indian Investors in 2025","","3000","20","","","","Pending","2025-10-13T09:56:34.766Z"
"GAP-QW-185","How to Use a Mutual Fund Screener Effectively","","2400","16","","","","Pending","2025-10-13T09:56:34.766Z"
"GAP-QW-186","Best Practices for Portfolio Rebalancing Quarterly","","2100","19","","","","Pending","2025-10-13T09:56:34.766Z"
"GAP-QW-187","How to Invest in US Stocks via Indian Platforms","","4300","27","","","","Pending","2025-10-13T09:56:34.766Z"
"GAP-QW-188","Understanding the Tax Implications of Digital Gold","","1900","22","","","","Pending","2025-10-13T09:56:34.766Z"
"GAP-QW-189","Top 5 Low‑Cost Index Funds for Long‑Term Wealth Creation","","4700","24","","","","Pending","2025-10-13T09:56:34.766Z"
"GAP-QW-190","How to Set Up a NPS Account in 5 Minutes","","2600","14","","","","Pending","2025-10-13T09:56:34.766Z"
"GAP-QW-191","Small Cap vs Mid Cap vs Large Cap Funds: Complete Comparison","","3500","22","","","","Pending","2025-10-16T14:03:45.131Z"
"GAP-QW-192","How to Use a SIP Calculator for Tax‑Saving ELSS Investments","","4200","19","","","","Pending","2025-10-16T14:03:45.131Z"
"GAP-QW-193","Best Zero‑Commission Mutual Fund Platforms in India 2025","","3100","21","","","","Pending","2025-10-16T14:03:45.131Z"
"GAP-QW-194","Step‑by‑Step Guide to Open a Demat Account for NRIs","","2900","24","","","","Pending","2025-10-16T14:03:45.131Z"
"GAP-QW-195","Understanding SEBI’s New KYC Norms for WealthTech Apps","","2600","23","","","","Pending","2025-10-16T14:03:45.131Z"
"GAP-QW-196","Top 5 Low‑Cost Index Funds for Long‑Term Wealth Creation","","4800","27","","","","Pending","2025-10-16T14:03:45.131Z"
"GAP-QW-197","How to Transfer Mutual Fund Holdings Between Platforms","","2100","18","","","","Pending","2025-10-16T14:03:45.131Z"
"GAP-QW-198","Digital Gold vs Gold ETFs: Which Is Better for Beginners?","","3400","20","","","","Pending","2025-10-16T14:03:45.131Z"
"GAP-QW-199","Understanding the Tax Implications of Selling Mutual Fund Units","","3800","22","","","","Pending","2025-10-16T14:03:45.131Z"
"GAP-QW-200","How to Set Up Automatic SIP Payments via UPI","","2600","17","","","","Pending","2025-10-16T14:03:45.131Z"
"GAP-QW-201","Best Practices for Portfolio Rebalancing Quarterly","","2400","21","","","","Pending","2025-10-16T14:03:45.131Z"
"GAP-QW-202","How to Claim Tax Benefits on ELSS Mutual Funds","","3100","19","","","","Pending","2025-10-16T14:03:45.131Z"
"GAP-QW-203","Understanding the Basics of Algo Trading for Retail Investors","","2700","28","","","","Pending","2025-10-16T14:03:45.131Z"
"GAP-QW-204","Top 3 Robo‑Advisors for Tax‑Efficient Investing in 2025","","3200","25","","","","Pending","2025-10-16T14:03:45.131Z"
"GAP-QW-205","How to Use a Mutual Fund Expense Ratio Calculator","","1900","16","","","","Pending","2025-10-16T14:03:45.131Z"
"GAP-QW-206","Guide to Investing in Gold ETFs for Beginners","","3500","23","","","","Pending","2025-10-16T14:03:45.131Z"
"GAP-QW-207","Understanding SEBI’s New Mutual Fund Disclosure Norms 2025","","2200","24","","","","Pending","2025-10-16T14:03:45.131Z"
"GAP-QW-208","How to Choose a Low‑Cost Direct Mutual Fund Plan","","4100","20","","","","Pending","2025-10-16T14:03:45.131Z"
"GAP-QW-209","Step‑by‑Step Guide to Invest in US Stocks via Indian Platforms","","3800","27","","","","Pending","2025-10-16T14:03:45.131Z"
"GAP-QW-210","Understanding the Impact of RBI’s New Digital Payment Rules on Wealth Apps","","2500","22","","","","Pending","2025-10-16T14:03:45.131Z"
"GAP-QW-211","Small Cap vs Mid Cap vs Large Cap Funds: Complete Comparison","","3500","22","","","","Pending","2025-10-17T10:38:40.988Z"
"GAP-QW-212","How to Choose a Low‑Cost ELSS Fund in 2025","","4200","24","","","","Pending","2025-10-17T10:38:40.988Z"
"GAP-QW-213","Understanding SIP vs Lumpsum: When to Use Each","","3800","20","","","","Pending","2025-10-17T10:38:40.988Z"
"GAP-QW-214","Best Digital Gold Platforms in India 2025","","2900","18","","","","Pending","2025-10-17T10:38:40.988Z"
"GAP-QW-215","How to Open a Demat Account in 5 Minutes","","4600","21","","","","Pending","2025-10-17T10:38:40.988Z"
"GAP-QW-216","Top 5 Tax‑Saving Mutual Funds for FY 2025‑26","","4100","23","","","","Pending","2025-10-17T10:38:40.988Z"
"GAP-QW-217","NPS vs EPF: Which Gives Better Returns?","","3300","19","","","","Pending","2025-10-17T10:38:40.988Z"
"GAP-QW-218","Step‑by‑Step Guide to Investing in US Stocks from India","","3700","25","","","","Pending","2025-10-17T10:38:40.988Z"
"GAP-QW-219","How to Use a SIP Calculator Effectively","","3100","17","","","","Pending","2025-10-17T10:38:40.988Z"
"GAP-QW-220","Understanding the Tax Implications of Digital Gold","","2800","22","","","","Pending","2025-10-17T10:38:40.988Z"
"GAP-QW-221","Best Low‑Cost Index Funds for Indian Investors 2025","","4400","24","","","","Pending","2025-10-17T10:38:40.988Z"
"GAP-QW-222","How to Transfer Mutual Fund Holdings Between Platforms","","2600","18","","","","Pending","2025-10-17T10:38:40.988Z"
"GAP-QW-223","Understanding SEBI’s New KYC Norms for Wealth Apps","","2400","20","","","","Pending","2025-10-17T10:38:40.988Z"
"GAP-QW-224","Top 3 Robo Advisors for Beginners in India","","3000","23","","","","Pending","2025-10-17T10:38:40.988Z"
"GAP-QW-225","How to Claim Tax Benefits on ELSS Funds","","3500","21","","","","Pending","2025-10-17T10:38:40.988Z"
"GAP-QW-226","Understanding the Basics of Portfolio Diversification","","3200","19","","","","Pending","2025-10-17T10:38:40.988Z"
"GAP-QW-227","Best Apps for Tracking NPS Contributions","","2100","16","","","","Pending","2025-10-17T10:38:40.988Z"
"GAP-QW-228","How to Set Up Automatic SIPs on Groww","","3800","22","","","","Pending","2025-10-17T10:38:40.988Z"
"GAP-QW-229","Understanding the Impact of Inflation on Fixed Deposits","","2600","18","","","","Pending","2025-10-17T10:38:40.988Z"
"GAP-QW-230","Quick Guide to Investing in Gold ETFs vs Physical Gold","","3400","24","","","","Pending","2025-10-17T10:38:40.988Z"
"GAP-QW-231","Small Cap vs Mid Cap vs Large Cap Funds: Complete Comparison","","3500","22","","","","Pending","2025-10-23T15:53:28.789Z"
"GAP-QW-232","How to Use SIP Calculator for Maximum Returns in 2025","","4200","18","","","","Pending","2025-10-23T15:53:28.789Z"
"GAP-QW-233","Best Tax‑Saving Mutual Funds for FY 2024‑25","","5600","25","","","","Pending","2025-10-23T15:53:28.789Z"
"GAP-QW-234","Understanding SEBI’s New Disclosure Norms for Mutual Funds","","2100","24","","","","Pending","2025-10-23T15:53:28.789Z"
"GAP-QW-235","Digital Gold vs Gold ETFs: Which Is Better for 2025?","","3100","20","","","","Pending","2025-10-23T15:53:28.789Z"
"GAP-QW-236","Step‑by‑Step Guide to Investing in REITs for Indian Retail Investors","","2500","27","","","","Pending","2025-10-23T15:53:28.789Z"
"GAP-QW-237","NPS vs EPF: Which Provides Better Retirement Returns?","","3800","23","","","","Pending","2025-10-23T15:53:28.789Z"
"GAP-QW-238","How to Transfer Mutual Fund SIPs Between Platforms Without Tax Penalty","","1900","19","","","","Pending","2025-10-23T15:53:28.789Z"
"GAP-QW-239","Top 5 Low‑Cost Index Funds for Indian Investors in 2025","","4700","26","","","","Pending","2025-10-23T15:53:28.789Z"
"GAP-QW-240","Understanding the Tax Implications of Capital Gains on Mutual Funds","","4200","22","","","","Pending","2025-10-23T15:53:28.789Z"
"GAP-QW-241","Small Cap vs Mid Cap vs Large Cap Funds: Complete Comparison","","3500","22","","","","Pending","2025-10-23T16:10:04.020Z"
"GAP-QW-242","How to Open a Demat Account in 2025: Step‑by‑Step Guide","","4200","18","","","","Pending","2025-10-23T16:10:04.020Z"
"GAP-QW-243","Zero‑Brokerage Mutual Funds: What They Are and How to Choose","","3100","20","","","","Pending","2025-10-23T16:10:04.020Z"
"GAP-QW-244","Understanding SEBI’s New KYC Norms for WealthTech Platforms","","2600","24","","","","Pending","2025-10-23T16:10:04.020Z"
"GAP-QW-245","Best SIP Calculator Apps for 2025","","2900","19","","","","Pending","2025-10-23T16:10:04.020Z"
"GAP-QW-246","Tax Implications of Digital Gold Investments","","2700","21","","","","Pending","2025-10-23T16:10:04.020Z"
"GAP-QW-247","How to Transfer Mutual Fund Holdings Between Platforms","","2400","23","","","","Pending","2025-10-23T16:10:04.020Z"
"GAP-QW-248","Top 5 Low‑Cost Index Funds for Indian Investors 2025","","3800","25","","","","Pending","2025-10-23T16:10:04.020Z"
"GAP-QW-249","Understanding the Basics of NPS for Young Professionals","","3200","20","","","","Pending","2025-10-23T16:10:04.020Z"
"GAP-QW-250","How to Claim Tax Benefits on ELSS Funds","","3400","22","","","","Pending","2025-10-23T16:10:04.020Z"
"GAP-QW-251","SIP Calculator with Tax Benefits 2025","mutual_funds","3800","18","sip calculator tax benefits","calculator","30-45 days","Pending","2025-10-27T09:07:51.780Z"
"GAP-QW-252","How to Open a Demat Account in 2025","investment_basics","4200","22","open demat account 2025","guide","30-45 days","Pending","2025-10-27T09:07:51.780Z"
"GAP-QW-253","Best Low‑Cost Brokerage for F&O Trading","brokerage","3100","20","low cost brokerage f&o","comparison","30-45 days","Pending","2025-10-27T09:07:51.780Z"
"GAP-QW-254","NSE Futures Price Live – How to Read It","market_data","2900","19","nse futures price live","tutorial","30-45 days","Pending","2025-10-27T09:07:51.780Z"
"GAP-QW-255","Options Chain Explained for Beginners","derivatives","3500","21","options chain explained","guide","30-45 days","Pending","2025-10-27T09:07:51.780Z"
"GAP-QW-256","Top 5 Tax‑Saving Mutual Funds 2025","mutual_funds","4000","23","tax saving mutual funds 2025","list","30-45 days","Pending","2025-10-27T09:07:51.780Z"
"GAP-QW-257","Digital Gold vs Physical Gold: Which is Safer?","investment_comparison","2600","20","digital gold vs physical gold","comparison","30-45 days","Pending","2025-10-27T09:07:51.780Z"
"GAP-QW-258","How to Transfer Mutual Funds Between Platforms","investment_basics","2400","18","transfer mutual funds","guide","30-45 days","Pending","2025-10-27T09:07:51.780Z"
"GAP-QW-259","Understanding SEBI’s New Derivatives Margin Rules 2025","regulations","2100","25","sebi derivatives margin rules 2025","explanation","30-45 days","Pending","2025-10-27T09:07:51.780Z"
"GAP-QW-260","Best Robo‑Advisors for Small Investors","robo_advisory","2800","22","best robo advisors small investors","list","30-45 days","Pending","2025-10-27T09:07:51.780Z"
"GAP-QW-261","How to Use a Futures Margin Calculator","derivatives","1900","19","futures margin calculator","tutorial","30-45 days","Pending","2025-10-27T09:07:51.780Z"
"GAP-QW-262","Top 3 Fractional Investing Apps in India","investment_apps","2300","21","fractional investing apps india","list","30-45 days","Pending","2025-10-27T09:07:51.780Z"
"GAP-QW-263","ETF vs Mutual Fund: Cost Comparison 2025","investment_comparison","2600","22","etf vs mutual fund cost","comparison","30-45 days","Pending","2025-10-27T09:07:51.780Z"
"GAP-QW-264","How to Set Up a Systematic Investment Plan (SIP)","investment_basics","3400","18","set up sip","guide","30-45 days","Pending","2025-10-27T09:07:51.780Z"
"GAP-QW-265","Understanding NPS Tax Benefits in 2025","tax_planning","2500","20","nps tax benefits 2025","explanation","30-45 days","Pending","2025-10-27T09:07:51.780Z"
"GAP-QW-266","Small Cap vs Mid Cap vs Large Cap Funds: Complete Comparison","","3500","22","","","","Pending","2025-11-18T19:20:01.232Z"
"GAP-QW-267","Best Low‑Cost Index Funds for Wealth Maximization 2025","","4200","24","","","","Pending","2025-11-18T19:20:01.232Z"
"GAP-QW-268","How to Use SIP Calculator for Wealth Maximization","","3800","20","","","","Pending","2025-11-18T19:20:01.232Z"
"GAP-QW-269","Top 5 Tax‑Saving Mutual Funds for Wealth Creation","","4100","23","","","","Pending","2025-11-18T19:20:01.232Z"
"GAP-QW-270","Wealth Maximization Checklist for First‑Time Investors","","3000","18","","","","Pending","2025-11-18T19:20:01.232Z"
"GAP-QW-271","Understanding SEBI Guidelines for Wealth Maximization Advice","","2600","25","","","","Pending","2025-11-18T19:20:01.232Z"
"GAP-QW-272","Wealth Maximization Through ELSS: Tax Benefits Explained","","3400","22","","","","Pending","2025-11-18T19:20:01.232Z"
"GAP-QW-273","Comparing NPS vs PPF for Long‑Term Wealth Maximization","","3100","21","","","","Pending","2025-11-18T19:20:01.232Z"
"GAP-QW-274","Wealth Maximization Using Gold ETFs: Pros & Cons","","2800","19","","","","Pending","2025-11-18T19:20:01.232Z"
"GAP-QW-275","Step‑by‑Step Guide to Set Up a Wealth Maximization Dashboard on INDmoney","","2500","20","","","","Pending","2025-11-18T19:20:01.232Z"
"GAP-QW-276","Wealth Maximization Tips for Freelancers in India","","3200","23","","","","Pending","2025-11-18T19:20:01.232Z"
"GAP-QW-277","How to Rebalance Your Portfolio for Wealth Maximization Quarterly","","2900","22","","","","Pending","2025-11-18T19:20:01.232Z"
"GAP-QW-278","Wealth Maximization Through Systematic Transfer Plans (STP)","","2600","21","","","","Pending","2025-11-18T19:20:01.232Z"
"GAP-QW-279","Best Mobile Apps for Tracking Wealth Maximization Goals","","3400","24","","","","Pending","2025-11-18T19:20:01.232Z"
"GAP-QW-280","Wealth Maximization Through Real Estate REITs in India","","3100","26","","","","Pending","2025-11-18T19:20:01.232Z"
"GAP-QW-281","Understanding Risk‑Adjusted Returns for Wealth Maximization","","2800","20","","","","Pending","2025-11-18T19:20:01.232Z"
