"topic_id","research_gap_id","content_type","topic_title","category","primary_keyword","secondary_keywords","search_volume","keyword_difficulty","priority","topic_type","target_competitor","our_competitive_advantage","word_count_target","expert_required","estimated_ranking_time","estimated_monthly_traffic","internal_linking_opportunities","content_upgrade_idea","regulatory_requirements","approval_status","created_at"
"TOPIC-890","GAP-132","ymyl","Wealth Portfolio Guide 2025: Multi‑Asset Framework","investment_strategies","wealth portfolio guide 2025","multi asset portfolio india,wealth management steps,portfolio allocation calculator","14000","32","High","authority_builder","Wealthfront","Interactive portfolio builder, expert video interviews, 2025 SEBI & RBI checklist","3000","true","50","10000","wealth-management-steps,portfolio-allocation-calculator,regulatory-checklist","Multi‑Asset Portfolio Builder Tool","SEBI disclosure,RBI compliance,Risk warning","Yes","2025-11-18T12:55:23.050Z"
"TOPIC-891","GAP-132","blog","5 Steps to Build a Multi‑Asset Wealth Portfolio","investment_strategies","build multi asset wealth portfolio","wealth management steps,asset allocation guide,portfolio diversification tips","6200","24","Medium","quick_win","None","Step‑by‑step infographic + downloadable checklist","1200","false","35","3200","wealth-portfolio-guide-2025,asset-allocation-calculator,diversification-benefits","Multi‑Asset Portfolio Checklist","Risk warning","Yes","2025-11-18T12:55:23.050Z"
"TOPIC-892","GAP-132","listicle","Top 7 Asset Classes for Indian Wealth Portfolios","investment_strategies","asset classes for wealth portfolio","equity,fixed income,real estate,commodities,gold,alternative investments,ETF","5400","27","High","authority_builder","Groww","Expert commentary, performance tables, risk rating matrix","1800","true","55","4800","wealth-portfolio-guide-2025,asset-allocation-calculator,diversification-benefits","Asset Class Comparison Spreadsheet","Risk warning","Yes","2025-11-18T12:55:23.050Z"
"TOPIC-893","GAP-132","news","SEBI 2025 Updates: New Rules for Multi‑Asset Portfolios","investment_strategies","SEBI 2025 multi asset rules","wealth management regulation,investment compliance,SEBI disclosure requirements","3800","30","High","quick_win","None","Fast publication, expert legal analysis, actionable compliance checklist","800","true","30","2100","wealth-portfolio-guide-2025,regulatory-checklist,compliance-tips","SEBI 2025 Compliance Checklist","SEBI disclosure,Risk warning","Yes","2025-11-18T12:55:23.050Z"
"TOPIC-894","GAP-132","ymyl","How NRIs Can Build a Multi‑Asset Wealth Portfolio in India","investment_strategies","NRI multi asset wealth portfolio","NRI investment options,foreign portfolio allocation,regulatory compliance for NRIs","7200","34","High","authority_builder","Wealthfront","Country‑specific tax & RBI guidelines, video interview with NRI wealth advisor","2600","true","58","6200","wealth-portfolio-guide-2025,NRI-taxation,regulatory-checklist","NRI Portfolio Allocation Calculator","SEBI disclosure,RBI compliance,Risk warning","Yes","2025-11-18T12:55:23.050Z"
"TOPIC-895","GAP-132","blog","Diversification 101: Why Multi‑Asset Portfolios Win","investment_strategies","diversification multi asset portfolios","risk reduction,asset correlation,portfolio stability,investment safety","4600","22","Medium","quick_win","None","Simple visual charts + downloadable diversification matrix","1100","false","32","2600","wealth-portfolio-guide-2025,asset-allocation-calculator,top-asset-classes","Diversification Heatmap Template","Risk warning","Yes","2025-11-18T12:55:23.050Z"
"TOPIC-896","GAP-132","listicle","Top 5 Tech Tools for Modern Wealth Management","investment_strategies","tech tools wealth management","fintech portfolio apps,AI advisory,robo advisors,investment tracking software","5300","26","High","authority_builder","Zerodha","Hands‑on demo videos, pricing comparison table, user rating survey","1700","true","57","4200","wealth-portfolio-guide-2025,digital-wealth-management,portfolio-tracking-tools","Tech Tools Comparison Spreadsheet","Risk warning","Yes","2025-11-18T12:55:23.050Z"
"TOPIC-897","GAP-132","news","RBI 2025 Monetary Policy: Implications for Wealth Portfolios","investment_strategies","RBI monetary policy 2025 wealth","interest rate impact,portfolio rebalancing,investment outlook India","4100","28","High","quick_win","None","Rapid analysis, expert economist quotes, actionable rebalancing tips","900","true","30","1900","wealth-portfolio-guide-2025,interest-rate-strategies,regulatory-checklist","RBI Policy Impact Checklist","RBI compliance,Risk warning","Yes","2025-11-18T12:55:23.050Z"
"TOPIC-898","GAP-132","ymyl","Women's Wealth Management: Multi‑Asset Strategies for 2025","investment_strategies","women wealth management 2025","female investors,gender finance gap,portfolio diversification for women","6800","31","High","authority_builder","Wealthfront","Case studies of successful women investors, tailored risk questionnaire","2500","true","60","5400","wealth-portfolio-guide-2025,diversification-101,gender-finance-resources","Women's Portfolio Planning Worksheet","Risk warning","Yes","2025-11-18T12:55:23.050Z"
"TOPIC-899","GAP-132","blog","How to Rebalance a Multi‑Asset Portfolio Efficiently","investment_strategies","rebalance multi asset portfolio","portfolio rebalancing frequency,transaction cost minimization,rebalance calculator","4700","23","Medium","quick_win","None","Step‑by‑step guide + free rebalancing calculator widget","1300","false","34","2500","wealth-portfolio-guide-2025,asset-allocation-calculator,diversification-101","Rebalancing Frequency Planner","Risk warning","Yes","2025-11-18T12:55:23.050Z"
"TOPIC-900","GAP-132","listicle","Top 8 Books on Multi‑Asset Wealth Management","investment_strategies","books on wealth management","investment reading list,portfolio strategy books,financial planning literature","5900","27","High","authority_builder","Groww","Curated by Indian wealth experts, summary PDFs for each book","1900","true","58","4300","wealth-portfolio-guide-2025,investment-education-resources,reading-list","Downloadable Book Summary Pack","Risk warning","Yes","2025-11-18T12:55:23.050Z"
"TOPIC-901","GAP-132","news","2025 Union Budget: Effects on Multi‑Asset Wealth Strategies","investment_strategies","2025 budget wealth impact","tax changes,investment incentives,government spending effects","5200","30","High","quick_win","None","Fast turnaround, expert fiscal analyst commentary, actionable portfolio tweaks","950","true","33","2800","wealth-portfolio-guide-2025,tax-planning-updates,regulatory-checklist","Budget Impact Action Plan Checklist","Risk warning","Yes","2025-11-18T12:55:23.050Z"
"TOPIC-902","GAP-132","ymyl","Risk Management Techniques for Multi‑Asset Portfolios","investment_strategies","risk management multi asset portfolio","value at risk,stress testing,hedging strategies,portfolio insurance","4600","33","High","authority_builder","Wealthfront","Interactive VaR calculator, expert risk analyst video, case studies","2400","true","60","3800","wealth-portfolio-guide-2025,diversification-101,rebalance-multi-asset","Risk Management Toolkit (VaR calculator, stress test templates)","SEBI disclosure,Risk warning","Yes","2025-11-18T12:55:23.050Z"
"TOPIC-903","GAP-132","blog","Tax‑Efficient Multi‑Asset Investing in India","investment_strategies","tax efficient multi asset investing","tax saving assets,capital gains planning,section 80C,wealth tax implications","6100","29","High","authority_builder","None","Detailed tax tables, downloadable tax planning worksheet","2200","true","55","4100","wealth-portfolio-guide-2025,regulatory-checklist,investment-taxation","Tax‑Efficient Portfolio Planner","SEBI disclosure,Risk warning","Yes","2025-11-18T12:55:23.050Z"
"TOPIC-904","GAP-132","blog","Understanding the Role of Fixed Income in Multi‑Asset Portfolios","investment_strategies","fixed income role multi asset","bond allocation,interest rate risk,stable returns,portfolio balance","4300","21","Medium","quick_win","None","Clear charts showing yield curves, simple bond selection guide","1100","false","31","2100","wealth-portfolio-guide-2025,asset-allocation-calculator,diversification-101","Bond Allocation Spreadsheet","Risk warning","Yes","2025-11-18T12:55:23.050Z"
"TOPIC-905","GAP-132","blog","Real Estate as a Pillar in Multi‑Asset Wealth Portfolios","investment_strategies","real estate multi asset portfolio","property investment,REITs,real estate allocation,capital appreciation","4700","24","Medium","quick_win","None","Case studies of Indian REIT performance, ROI calculator","1300","false","34","2400","wealth-portfolio-guide-2025,asset-allocation-calculator,diversification-101","Real Estate Allocation Calculator","Risk warning","Yes","2025-11-18T12:55:23.050Z"
"TOPIC-906","GAP-132","blog","Commodities and Gold: Adding Hedge to Your Wealth Portfolio","investment_strategies","commodities gold wealth portfolio","inflation hedge,precious metals,commodity futures,portfolio safety","3800","22","Medium","quick_win","None","Historical performance charts, simple entry guide for Indian investors","1150","false","32","1900","wealth-portfolio-guide-2025,diversification-101,asset-allocation-calculator","Gold & Commodity Allocation Template","Risk warning","Yes","2025-11-18T12:55:23.050Z"
"TOPIC-907","GAP-132","blog","Alternative Investments: Private Equity & Venture Capital in Wealth Portfolios","investment_strategies","alternative investments wealth portfolio","private equity,venture capital,illiquid assets,high return strategies","3500","28","Medium","authority_builder","None","Expert interview with Indian VC partner, risk/return matrix","2100","true","55","2600","wealth-portfolio-guide-2025,asset-allocation-calculator,diversification-101","Alternative Investment Evaluation Checklist","Risk warning","Yes","2025-11-18T12:55:23.050Z"
"TOPIC-908","GAP-132","blog","How to Use Portfolio Allocation Calculator for Multi‑Asset Planning","investment_strategies","portfolio allocation calculator","asset allocation tool,wealth planning calculator,interactive portfolio builder","5400","25","High","quick_win","None","Embedded live calculator, step‑by‑step tutorial video","1500","false","30","3200","wealth-portfolio-guide-2025,asset-allocation-calculator,rebalance-multi-asset","Custom Portfolio Allocation Spreadsheet","Risk warning","Yes","2025-11-18T12:55:23.050Z"
"TOPIC-909","GAP-132","blog","Step‑by‑Step Guide to Conduct a Wealth Portfolio Review","investment_strategies","wealth portfolio review guide","portfolio performance analysis,annual review checklist,investment health check","4200","23","Medium","quick_win","None","Downloadable review checklist, performance tracking template","1300","false","33","2300","wealth-portfolio-guide-2025,rebalance-multi-asset,diversification-101","Annual Portfolio Review Workbook","Risk warning","Yes","2025-11-18T12:55:23.050Z"
"TOPIC-910","GAP-132","blog","Impact of Inflation on Multi‑Asset Wealth Portfolios","investment_strategies","inflation impact multi asset portfolio","real returns,inflation hedging,asset class performance,portfolio resilience","3900","24","Medium","quick_win","None","Interactive inflation scenario simulator","1200","false","31","2000","wealth-portfolio-guide-2025,commodities-gold-hedge,real-estate-allocation","Inflation Scenario Planning Tool","Risk warning","Yes","2025-11-18T12:55:23.050Z"
"TOPIC-911","GAP-132","ymyl","Wealth Portfolio Guide 2025: Multi‑Asset Framework","investment_strategies","wealth portfolio guide 2025","multi asset portfolio india,wealth management steps,portfolio allocation calculator","14000","32","High","authority_builder","Wealthfront","Interactive portfolio builder, expert video interviews, 2025 regulatory checklist (SEBI, RBI)","3000","true","50","10000","TOPIC-20251118-002,TOPIC-20251118-003,TOPIC-20251118-004","Multi‑Asset Portfolio Builder Calculator","SEBI disclosure,RBI compliance,Risk warning","Yes","2025-11-18T12:55:23.050Z"
"TOPIC-912","GAP-132","blog","5 Steps to Build a Multi‑Asset Wealth Portfolio","investment_strategies","how to build multi asset portfolio","wealth management steps,asset allocation guide,portfolio diversification tips","7200","24","High","quick_win","Groww","Step‑by‑step checklist with downloadable template","1500","false","35","4200","TOPIC-20251118-001,TOPIC-20251118-005,TOPIC-20251118-006","Multi‑Asset Portfolio Setup Checklist","SEBI disclaimer,Risk warning","Yes","2025-11-18T12:55:23.050Z"
"TOPIC-913","GAP-132","listicle","Top 7 Asset Classes for Indian Wealth Portfolios","investment_strategies","asset classes for wealth portfolio","equities,real estate,gold,government bonds,alternative investments,REITs","5600","27","Medium","authority_builder","Zerodha","Data‑driven performance tables for 2025, expert commentary","1800","true","55","3400","TOPIC-20251118-001,TOPIC-20251118-007,TOPIC-20251118-008","Asset Class Comparison Spreadsheet","SEBI disclaimer,Risk warning","Yes","2025-11-18T12:55:23.050Z"
"TOPIC-914","GAP-132","news","SEBI 2025 Updates Impacting Multi‑Asset Wealth Plans","investment_strategies","SEBI 2025 wealth management updates","regulatory changes 2025,wealth portfolio compliance,investment guidelines SEBI","3800","22","Medium","quick_win","ETMoney","Fast turnaround analysis with actionable compliance checklist","900","true","30","2100","TOPIC-20251118-001,TOPIC-20251118-009,TOPIC-20251118-010","2025 SEBI Compliance Checklist","SEBI disclosure,RBI compliance,Risk warning","Yes","2025-11-18T12:55:23.050Z"
"TOPIC-915","GAP-132","ymyl","Wealth Management for NRIs: Multi‑Asset Strategies","investment_strategies","wealth management for NRIs","NRI investment options,offshore asset allocation,regulatory compliance for NRIs","9200","34","High","authority_builder","Paytm Money","Country‑specific tax & repatriation guide, interactive allocation tool","2600","true","60","6800","TOPIC-20251118-002,TOPIC-20251118-006,TOPIC-20251118-011","NRI Multi‑Asset Allocation Template","SEBI disclosure,RBI compliance,Risk warning","Yes","2025-11-18T12:55:23.050Z"
"TOPIC-916","GAP-132","blog","Why Diversification Matters in Wealth Management","investment_strategies","importance of diversification","risk reduction,asset allocation benefits,portfolio diversification tips","6100","20","Medium","quick_win","None","Infographic‑rich, easy‑to‑read format","1200","false","30","2800","TOPIC-20251118-001,TOPIC-20251118-003,TOPIC-20251118-012","Diversification Self‑Assessment Quiz","SEBI disclaimer,Risk warning","Yes","2025-11-18T12:55:23.050Z"
"TOPIC-917","GAP-132","listicle","Top 5 Wealth Management Apps for Multi‑Asset Investing","investment_strategies","best wealth management apps","digital wealth platforms,portfolio tracking apps,investment app reviews","4700","26","High","competitive_strike","Groww","Side‑by‑side feature matrix, user experience scores, integration with our portfolio builder","2000","false","45","3500","TOPIC-20251118-001,TOPIC-20251118-008,TOPIC-20251118-009","App Comparison Downloadable Sheet","SEBI disclaimer,Risk warning","Yes","2025-11-18T12:55:23.050Z"
"TOPIC-918","GAP-132","news","RBI 2025 Monetary Policy: Effects on Wealth Portfolios","investment_strategies","RBI monetary policy 2025 wealth","interest rate impact,portfolio rebalancing,investment outlook RBI","3400","21","Medium","quick_win","None","Expert macro analysis with actionable rebalancing tips","950","true","30","1900","TOPIC-20251118-001,TOPIC-20251118-010,TOPIC-20251118-011","RBI Policy Impact Calculator","SEBI disclosure,RBI compliance,Risk warning","Yes","2025-11-18T12:55:23.050Z"
"TOPIC-919","GAP-132","ymyl","Women‑Centric Wealth Management: Multi‑Asset Blueprint","investment_strategies","wealth management for women","female investors,gender lens investing,financial independence women","8300","30","High","authority_builder","ETMoney","Case studies of successful women investors, tailored risk profiling tool","2500","true","58","6200","TOPIC-20251118-001,TOPIC-20251118-012,TOPIC-20251118-013","Women's Wealth Planning Checklist","SEBI disclaimer,RBI compliance,Risk warning","Yes","2025-11-18T12:55:23.050Z"
"TOPIC-920","GAP-132","blog","Technology Trends Shaping Wealth Management in 2025","investment_strategies","technology in wealth management","AI portfolio advisory,blockchain wealth tech,robo‑advisors India","4200","23","Medium","quick_win","None","Illustrated tech stack diagram, future‑proofing tips","1300","false","32","2400","TOPIC-20251118-001,TOPIC-20251118-014,TOPIC-20251118-015","Tech Adoption Readiness Quiz","SEBI disclaimer,Risk warning","Yes","2025-11-18T12:55:23.050Z"
"TOPIC-921","GAP-132","listicle","Top 8 Books Every Wealth Manager Should Read","investment_strategies","best wealth management books","investment literature,financial planning reads,portfolio management books","5600","28","High","authority_builder","Groww","Curated summaries, key takeaways, and implementation worksheets","2100","true","55","3800","TOPIC-20251118-001,TOPIC-20251118-016,TOPIC-20251118-017","Downloadable Book Summary Pack","SEBI disclaimer,Risk warning","Yes","2025-11-18T12:55:23.050Z"
"TOPIC-922","GAP-132","news","2025 Wealth Management Trends: Expert Forecasts","investment_strategies","wealth management trends 2025","investment outlook 2025,portfolio trends,financial planning future","4700","25","Medium","quick_win","None","Aggregated insights from 5 industry veterans, visual trend graphs","1100","true","38","2600","TOPIC-20251118-001,TOPIC-20251118-018,TOPIC-20251118-019","2025 Trend Forecast PDF","SEBI disclaimer,Risk warning","Yes","2025-11-18T12:55:23.050Z"
"TOPIC-923","GAP-132","blog","Risk Management Techniques for Multi‑Asset Portfolios","investment_strategies","risk management multi asset","portfolio hedging,volatility control,stress testing tools","5300","27","High","authority_builder","Zerodha","Interactive risk heatmap, scenario analysis module","2200","true","52","3400","TOPIC-20251118-001,TOPIC-20251118-003,TOPIC-20251118-020","Risk Assessment Calculator","SEBI disclaimer,Risk warning","Yes","2025-11-18T12:55:23.050Z"
"TOPIC-924","GAP-132","ymyl","Tax‑Efficient Multi‑Asset Strategies for Indian Investors","investment_strategies","tax efficient wealth portfolio","tax saving assets,capital gains planning,section 80C investments","6800","31","High","authority_builder","Paytm Money","Year‑by‑year tax impact simulator, expert tax lawyer commentary","2600","true","58","4700","TOPIC-20251118-001,TOPIC-20251118-005,TOPIC-20251118-021","Tax Savings Calculator","SEBI disclaimer,RBI compliance,Risk warning","Yes","2025-11-18T12:55:23.050Z"
"TOPIC-925","GAP-132","blog","How to Rebalance a Multi‑Asset Portfolio Quarterly","investment_strategies","portfolio rebalancing guide","quarterly rebalancing steps,asset allocation drift,rebalance calculator","5900","24","Medium","quick_win","None","Step‑by‑step video tutorial plus downloadable rebalancing calendar","1400","false","34","3100","TOPIC-20251118-001,TOPIC-20251118-013,TOPIC-20251118-022","Rebalancing Calendar Template","SEBI disclaimer,Risk warning","Yes","2025-11-18T12:55:23.050Z"
"TOPIC-926","GAP-132","listicle","Top 6 Alternative Assets for Indian Wealth Portfolios","investment_strategies","alternative assets India","private equity,venture capital,art,cryptocurrency,commodities,REITs","4700","29","Medium","competitive_strike","Zerodha","Risk‑adjusted return tables, regulatory notes, access pathways","1900","true","50","3200","TOPIC-20251118-001,TOPIC-20251118-013,TOPIC-20251118-023","Alternative Asset Allocation Worksheet","SEBI disclaimer,Risk warning","Yes","2025-11-18T12:55:23.050Z"
"TOPIC-927","GAP-132","ymyl","Estate Planning within a Multi‑Asset Wealth Strategy","investment_strategies","estate planning wealth portfolio","inheritance tax,trust structures,wealth transfer India","3800","33","High","authority_builder","ETMoney","Legal expert interview, step‑wise estate checklist, integration with portfolio tool","2400","true","60","2600","TOPIC-20251118-001,TOPIC-20251118-014,TOPIC-20251118-024","Estate Planning Checklist","SEBI disclaimer,RBI compliance,Risk warning","Yes","2025-11-18T12:55:23.050Z"
"TOPIC-928","GAP-132","blog","Impact of Inflation on Multi‑Asset Wealth Portfolios","investment_strategies","inflation impact wealth portfolio","real return calculation,asset class inflation hedge,portfolio adjustment","4200","22","Medium","quick_win","None","Inflation scenario calculator, visual impact charts","1300","false","33","2500","TOPIC-20251118-001,TOPIC-20251118-013,TOPIC-20251118-025","Inflation Impact Spreadsheet","SEBI disclaimer,Risk warning","Yes","2025-11-18T12:55:23.050Z"
"TOPIC-929","GAP-132","listicle","Top 7 KPI Metrics to Track Your Wealth Portfolio","investment_strategies","wealth portfolio KPI metrics","portfolio performance indicators,benchmarking,risk‑adjusted return,drawdown analysis","3500","24","Medium","authority_builder","Groww","Customizable KPI dashboard template, real‑time data integration guide","1700","false","45","2100","TOPIC-20251118-001,TOPIC-20251118-015,TOPIC-20251118-022","KPI Dashboard Excel Template","SEBI disclaimer,Risk warning","Yes","2025-11-18T12:55:23.050Z"
