"topic_id","current_stage","overall_status","last_updated","notes","research_approval","topic_approval","deep_research_approval","content_approval","seo_approval","publication_approval"
"RESEARCH-BATCH-2025-10-08","Master SEO Research","Research Completed","2025-10-08T21:34:55.013Z","Generated 9 content gaps using real Google data","Not Started","Not Started","Not Started","Not Started","Not Started","Not Started"
"TOPICS-BATCH-2025-10-08","Topic Generation","Topics Generated","2025-10-08T21:35:17.028Z","Generated 18 strategic topics from 26 approved gaps","Not Started","Not Started","Not Started","Not Started","Not Started","Not Started"
"TOPIC-001","Publication","Content Published","2025-10-21T13:31:00.404Z","Published to WordPress/Sanity.","Not Started","Not Started","Not Started","Pending","Approved","Published"
"TOPIC-002","Publication","Content Published","2025-10-08T14:39:06.147Z","Published to WordPress/Sanity.","Not Started","Not Started","Not Started","Pending","Approved","Published"
"TOPIC-003","Publication","Content Published","2025-10-21T13:31:00.385Z","Published to WordPress/Sanity.","Not Started","Not Started","Not Started","Pending","Approved","Published"
"TOPIC-010","Publication","Content Published","2025-10-21T13:31:00.390Z","Published to WordPress/Sanity.","Not Started","Not Started","Not Started","Pending","Approved","Published"
"TOPIC-011","Publication","Content Published","2025-10-21T13:31:00.395Z","Published to WordPress/Sanity.","Not Started","Not Started","Not Started","Pending","Approved","Published"
"TOPIC-012","Publication","Content Published","2025-10-21T13:31:00.399Z","Published to WordPress/Sanity.","Not Started","Not Started","Not Started","Pending","Approved","Published"
"TOPIC-013","Publication","Content Published","2025-10-08T15:07:34.147Z","Published to WordPress/Sanity.","Not Started","Not Started","Not Started","Pending","Approved","Published"
"TOPIC-014","Publication","Content Published","2025-10-08T15:07:34.147Z","Published to WordPress/Sanity.","Not Started","Not Started","Not Started","Pending","Approved","Published"
"TOPIC-015","Publication","Content Published","2025-10-08T15:07:34.148Z","Published to WordPress/Sanity.","Not Started","Not Started","Not Started","Pending","Approved","Published"
"TOPIC-017","Publication","Content Published","2025-10-08T21:55:10.595Z","Published to WordPress/Sanity.","Not Started","Not Started","Not Started","Pending","Approved","Published"
"TOPIC-018","Publication","Content Published","2025-10-08T21:55:10.597Z","Published to WordPress/Sanity.","Not Started","Not Started","Not Started","Pending","Approved","Published"
"TOPIC-019","Publication","Content Published","2025-10-08T21:55:10.598Z","Published to WordPress/Sanity.","Not Started","Not Started","Not Started","Pending","Approved","Published"
"TOPIC-020","Publication","Content Published","2025-10-08T21:55:10.599Z","Published to WordPress/Sanity.","Not Started","Not Started","Not Started","Pending","Approved","Published"
"TOPIC-021","Publication","Content Published","2025-10-08T21:55:10.602Z","Published to WordPress/Sanity.","Not Started","Not Started","Not Started","Pending","Approved","Published"
"TOPIC-022","Publication","Content Published","2025-10-08T21:55:10.603Z","Published to WordPress/Sanity.","Not Started","Not Started","Not Started","Pending","Approved","Published"
"TOPIC-023","Publication","Content Published","2025-10-08T21:55:10.605Z","Published to WordPress/Sanity.","Not Started","Not Started","Not Started","Pending","Approved","Published"
"TOPIC-024","Publication","Content Published","2025-10-08T21:55:10.607Z","Published to WordPress/Sanity.","Not Started","Not Started","Not Started","Pending","Approved","Published"
"TOPIC-025","Publication","Content Published","2025-10-08T21:55:10.608Z","Published to WordPress/Sanity.","Not Started","Not Started","Not Started","Pending","Approved","Published"
"TOPIC-026","Publication","Content Published","2025-10-08T21:55:10.611Z","Published to WordPress/Sanity.","Not Started","Not Started","Not Started","Pending","Approved","Published"
"TOPIC-027","Publication","Content Published","2025-10-08T21:55:10.613Z","Published to WordPress/Sanity.","Not Started","Not Started","Not Started","Pending","Approved","Published"
"TOPIC-028","Publication","Content Published","2025-10-08T21:55:10.615Z","Published to WordPress/Sanity.","Not Started","Not Started","Not Started","Pending","Approved","Published"
"TOPIC-029","Publication","Content Published","2025-10-08T21:55:10.616Z","Published to WordPress/Sanity.","Not Started","Not Started","Not Started","Pending","Approved","Published"
"TOPIC-030","Publication","Content Published","2025-10-08T21:55:10.618Z","Published to WordPress/Sanity.","Not Started","Not Started","Not Started","Pending","Approved","Published"
"TOPIC-031","Publication","Content Published","2025-10-08T21:55:10.621Z","Published to WordPress/Sanity.","Not Started","Not Started","Not Started","Pending","Approved","Published"
"TOPIC-032","Publication","Content Published","2025-10-08T21:55:10.623Z","Published to WordPress/Sanity.","Not Started","Not Started","Not Started","Pending","Approved","Published"
"TOPIC-033","Publication","Content Published","2025-10-08T21:55:10.625Z","Published to WordPress/Sanity.","Not Started","Not Started","Not Started","Pending","Approved","Published"
"RESEARCH-BATCH-2025-10-09","Master SEO Research","Research Completed","2025-10-09T18:39:01.519Z","Generated 9 content gaps using real Google data","Not Started","Not Started","Not Started","Not Started","Not Started","Not Started"
"TOPICS-BATCH-2025-10-09","Topic Generation","Topics Generated","2025-10-09T18:40:20.508Z","Generated 4 strategic topics from 26 approved gaps","Not Started","Not Started","Not Started","Not Started","Not Started","Not Started"
"RESEARCH-BATCH-2025-10-12","Master SEO Research","Research Completed","2025-10-12T18:23:32.311Z","Generated 3 content gaps using real Google data","Not Started","Not Started","Not Started","Not Started","Not Started","Not Started"
"TOPICS-BATCH-2025-10-12","Topic Generation","Topics Generated","2025-10-12T18:41:44.619Z","Generated 50 strategic topics from 77 approved gaps","Not Started","Not Started","Not Started","Not Started","Not Started","Not Started"
"TOPIC-088","SEO Optimization","SEO Metadata Pending Review","2025-10-12T19:29:02.079Z","Review SEO metadata in created-content.csv.","Not Started","Not Started","Not Started","Pending","Pending","Not Started"
"TOPIC-089","Deep Topic Research","Deep Research Approved","2025-10-12T16:02:37.545Z","Deep research auto-approved. Content creation unlocked.","Not Started","Not Started","Not Started","Not Started","Not Started","Not Started"
"TOPIC-090","Deep Topic Research","Deep Research Approved","2025-10-12T16:02:37.546Z","Deep research auto-approved. Content creation unlocked.","Not Started","Not Started","Not Started","Not Started","Not Started","Not Started"
"TOPIC-093","Deep Topic Research","Deep Research Approved","2025-10-12T16:02:37.548Z","Deep research auto-approved. Content creation unlocked.","Not Started","Not Started","Not Started","Not Started","Not Started","Not Started"
"TOPIC-095","Deep Topic Research","Deep Research Approved","2025-10-12T16:02:37.549Z","Deep research auto-approved. Content creation unlocked.","Not Started","Not Started","Not Started","Not Started","Not Started","Not Started"
"TOPIC-097","Deep Topic Research","Deep Research Approved","2025-10-12T16:02:37.550Z","Deep research auto-approved. Content creation unlocked.","Not Started","Not Started","Not Started","Not Started","Not Started","Not Started"
"TOPIC-098","Deep Topic Research","Deep Research Approved","2025-10-12T16:02:37.552Z","Deep research auto-approved. Content creation unlocked.","Not Started","Not Started","Not Started","Not Started","Not Started","Not Started"
"TOPIC-099","Deep Topic Research","Deep Research Approved","2025-10-12T16:02:37.553Z","Deep research auto-approved. Content creation unlocked.","Not Started","Not Started","Not Started","Not Started","Not Started","Not Started"
"TOPIC-102","Deep Topic Research","Deep Research Approved","2025-10-12T16:02:37.555Z","Deep research auto-approved. Content creation unlocked.","Not Started","Not Started","Not Started","Not Started","Not Started","Not Started"
"TOPIC-109","Deep Topic Research","Deep Research Approved","2025-10-12T16:02:37.558Z","Deep research auto-approved. Content creation unlocked.","Not Started","Not Started","Not Started","Not Started","Not Started","Not Started"
"TOPIC-110","Deep Topic Research","Deep Research Approved","2025-10-12T16:02:37.559Z","Deep research auto-approved. Content creation unlocked.","Not Started","Not Started","Not Started","Not Started","Not Started","Not Started"
"TOPIC-111","Deep Topic Research","Deep Research Approved","2025-10-12T16:02:37.561Z","Deep research auto-approved. Content creation unlocked.","Not Started","Not Started","Not Started","Not Started","Not Started","Not Started"
"TOPIC-113","Deep Topic Research","Deep Research Approved","2025-10-12T16:02:37.563Z","Deep research auto-approved. Content creation unlocked.","Not Started","Not Started","Not Started","Not Started","Not Started","Not Started"
"TOPIC-114","Deep Topic Research","Deep Research Approved","2025-10-12T16:02:37.565Z","Deep research auto-approved. Content creation unlocked.","Not Started","Not Started","Not Started","Not Started","Not Started","Not Started"
"TOPIC-115","Deep Topic Research","Deep Research Approved","2025-10-12T16:02:37.567Z","Deep research auto-approved. Content creation unlocked.","Not Started","Not Started","Not Started","Not Started","Not Started","Not Started"
"TOPIC-117","Deep Topic Research","Deep Research Approved","2025-10-12T16:02:37.569Z","Deep research auto-approved. Content creation unlocked.","Not Started","Not Started","Not Started","Not Started","Not Started","Not Started"
"TOPIC-118","Deep Topic Research","Deep Research Approved","2025-10-12T16:02:37.571Z","Deep research auto-approved. Content creation unlocked.","Not Started","Not Started","Not Started","Not Started","Not Started","Not Started"
"TOPIC-119","Deep Topic Research","Deep Research Approved","2025-10-12T16:28:00.255Z","Deep research auto-approved. Content creation unlocked.","Not Started","Not Started","Not Started","Not Started","Not Started","Not Started"
"TOPIC-120","Deep Topic Research","Deep Research Approved","2025-10-12T16:28:00.257Z","Deep research auto-approved. Content creation unlocked.","Not Started","Not Started","Not Started","Not Started","Not Started","Not Started"
"TOPIC-121","Deep Topic Research","Deep Research Approved","2025-10-12T16:28:00.259Z","Deep research auto-approved. Content creation unlocked.","Not Started","Not Started","Not Started","Not Started","Not Started","Not Started"
"TOPIC-123","Deep Topic Research","Deep Research Approved","2025-10-12T16:28:00.261Z","Deep research auto-approved. Content creation unlocked.","Not Started","Not Started","Not Started","Not Started","Not Started","Not Started"
"TOPIC-124","Deep Topic Research","Deep Research Approved","2025-10-12T16:28:00.263Z","Deep research auto-approved. Content creation unlocked.","Not Started","Not Started","Not Started","Not Started","Not Started","Not Started"
"TOPIC-125","Deep Topic Research","Deep Research Approved","2025-10-12T16:28:00.265Z","Deep research auto-approved. Content creation unlocked.","Not Started","Not Started","Not Started","Not Started","Not Started","Not Started"
"TOPIC-127","Deep Topic Research","Deep Research Approved","2025-10-12T16:28:00.266Z","Deep research auto-approved. Content creation unlocked.","Not Started","Not Started","Not Started","Not Started","Not Started","Not Started"
"TOPIC-129","Deep Topic Research","Deep Research Approved","2025-10-12T16:28:00.268Z","Deep research auto-approved. Content creation unlocked.","Not Started","Not Started","Not Started","Not Started","Not Started","Not Started"
"TOPIC-130","Deep Topic Research","Deep Research Approved","2025-10-12T16:28:00.270Z","Deep research auto-approved. Content creation unlocked.","Not Started","Not Started","Not Started","Not Started","Not Started","Not Started"
"TOPIC-132","Deep Topic Research","Deep Research Approved","2025-10-12T16:28:00.272Z","Deep research auto-approved. Content creation unlocked.","Not Started","Not Started","Not Started","Not Started","Not Started","Not Started"
"TOPIC-133","Deep Topic Research","Deep Research Approved","2025-10-12T16:28:00.274Z","Deep research auto-approved. Content creation unlocked.","Not Started","Not Started","Not Started","Not Started","Not Started","Not Started"
"TOPIC-134","Deep Topic Research","Deep Research Approved","2025-10-12T16:28:00.277Z","Deep research auto-approved. Content creation unlocked.","Not Started","Not Started","Not Started","Not Started","Not Started","Not Started"
"TOPIC-136","Deep Topic Research","Deep Research Approved","2025-10-12T16:28:00.279Z","Deep research auto-approved. Content creation unlocked.","Not Started","Not Started","Not Started","Not Started","Not Started","Not Started"
"TOPIC-137","Deep Topic Research","Deep Research Approved","2025-10-12T16:28:00.281Z","Deep research auto-approved. Content creation unlocked.","Not Started","Not Started","Not Started","Not Started","Not Started","Not Started"
"TOPIC-138","Deep Topic Research","Deep Research Approved","2025-10-12T16:28:00.283Z","Deep research auto-approved. Content creation unlocked.","Not Started","Not Started","Not Started","Not Started","Not Started","Not Started"
"TOPIC-139","Deep Topic Research","Deep Research Approved","2025-10-12T16:28:00.285Z","Deep research auto-approved. Content creation unlocked.","Not Started","Not Started","Not Started","Not Started","Not Started","Not Started"
"TOPIC-140","Deep Topic Research","Deep Research Approved","2025-10-12T16:28:00.288Z","Deep research auto-approved. Content creation unlocked.","Not Started","Not Started","Not Started","Not Started","Not Started","Not Started"
"TOPIC-141","Deep Topic Research","Deep Research Approved","2025-10-12T16:28:00.290Z","Deep research auto-approved. Content creation unlocked.","Not Started","Not Started","Not Started","Not Started","Not Started","Not Started"
"TOPIC-142","Deep Topic Research","Deep Research Approved","2025-10-12T16:28:00.293Z","Deep research auto-approved. Content creation unlocked.","Not Started","Not Started","Not Started","Not Started","Not Started","Not Started"
"TOPIC-144","Deep Topic Research","Deep Research Approved","2025-10-12T16:28:00.295Z","Deep research auto-approved. Content creation unlocked.","Not Started","Not Started","Not Started","Not Started","Not Started","Not Started"
"TOPIC-145","Deep Topic Research","Deep Research Approved","2025-10-12T16:28:00.297Z","Deep research auto-approved. Content creation unlocked.","Not Started","Not Started","Not Started","Not Started","Not Started","Not Started"
"TOPIC-146","Deep Topic Research","Deep Research Approved","2025-10-12T16:28:00.299Z","Deep research auto-approved. Content creation unlocked.","Not Started","Not Started","Not Started","Not Started","Not Started","Not Started"
"TOPIC-147","Deep Topic Research","Deep Research Approved","2025-10-12T16:28:00.302Z","Deep research auto-approved. Content creation unlocked.","Not Started","Not Started","Not Started","Not Started","Not Started","Not Started"
"TOPIC-149","Deep Topic Research","Deep Research Approved","2025-10-12T16:28:00.304Z","Deep research auto-approved. Content creation unlocked.","Not Started","Not Started","Not Started","Not Started","Not Started","Not Started"
"TOPIC-150","Deep Topic Research","Deep Research Approved","2025-10-12T16:28:00.307Z","Deep research auto-approved. Content creation unlocked.","Not Started","Not Started","Not Started","Not Started","Not Started","Not Started"
"TOPIC-151","Deep Topic Research","Deep Research Approved","2025-10-12T16:28:00.309Z","Deep research auto-approved. Content creation unlocked.","Not Started","Not Started","Not Started","Not Started","Not Started","Not Started"
"TOPIC-152","Deep Topic Research","Deep Research Approved","2025-10-12T16:28:00.312Z","Deep research auto-approved. Content creation unlocked.","Not Started","Not Started","Not Started","Not Started","Not Started","Not Started"
"TOPIC-153","Deep Topic Research","Deep Research Approved","2025-10-12T16:28:00.314Z","Deep research auto-approved. Content creation unlocked.","Not Started","Not Started","Not Started","Not Started","Not Started","Not Started"
"TOPIC-154","Deep Topic Research","Deep Research Approved","2025-10-12T16:28:00.317Z","Deep research auto-approved. Content creation unlocked.","Not Started","Not Started","Not Started","Not Started","Not Started","Not Started"
"TOPIC-155","Deep Topic Research","Deep Research Approved","2025-10-12T16:28:00.319Z","Deep research auto-approved. Content creation unlocked.","Not Started","Not Started","Not Started","Not Started","Not Started","Not Started"
"TOPIC-156","Deep Topic Research","Deep Research Approved","2025-10-12T16:28:00.322Z","Deep research auto-approved. Content creation unlocked.","Not Started","Not Started","Not Started","Not Started","Not Started","Not Started"
"TOPIC-157","Deep Topic Research","Deep Research Approved","2025-10-12T16:28:00.324Z","Deep research auto-approved. Content creation unlocked.","Not Started","Not Started","Not Started","Not Started","Not Started","Not Started"
"TOPIC-158","Deep Topic Research","Deep Research Approved","2025-10-12T16:28:00.326Z","Deep research auto-approved. Content creation unlocked.","Not Started","Not Started","Not Started","Not Started","Not Started","Not Started"
"TOPIC-159","Deep Topic Research","Deep Research Approved","2025-10-12T16:28:00.329Z","Deep research auto-approved. Content creation unlocked.","Not Started","Not Started","Not Started","Not Started","Not Started","Not Started"
"TOPIC-160","Deep Topic Research","Deep Research Approved","2025-10-12T16:28:00.331Z","Deep research auto-approved. Content creation unlocked.","Not Started","Not Started","Not Started","Not Started","Not Started","Not Started"
"TOPIC-162","Deep Topic Research","Deep Research Approved","2025-10-12T16:28:00.334Z","Deep research auto-approved. Content creation unlocked.","Not Started","Not Started","Not Started","Not Started","Not Started","Not Started"
"TOPIC-163","Deep Topic Research","Deep Research Approved","2025-10-12T16:28:00.336Z","Deep research auto-approved. Content creation unlocked.","Not Started","Not Started","Not Started","Not Started","Not Started","Not Started"
"TOPIC-164","Deep Topic Research","Deep Research Approved","2025-10-12T16:28:00.339Z","Deep research auto-approved. Content creation unlocked.","Not Started","Not Started","Not Started","Not Started","Not Started","Not Started"
"TOPIC-165","Deep Topic Research","Deep Research Approved","2025-10-12T16:28:00.342Z","Deep research auto-approved. Content creation unlocked.","Not Started","Not Started","Not Started","Not Started","Not Started","Not Started"
"TOPIC-166","Deep Topic Research","Deep Research Approved","2025-10-12T16:28:00.345Z","Deep research auto-approved. Content creation unlocked.","Not Started","Not Started","Not Started","Not Started","Not Started","Not Started"
"TOPIC-167","Deep Topic Research","Deep Research Approved","2025-10-12T16:28:00.347Z","Deep research auto-approved. Content creation unlocked.","Not Started","Not Started","Not Started","Not Started","Not Started","Not Started"
"TOPIC-169","Publication","Content Published","2025-10-12T19:40:10.721Z","Published to WordPress/Sanity.","Not Started","Not Started","Not Started","Pending","Pending","Published"
"TOPIC-171","Publication","Content Published","2025-10-13T07:56:04.029Z","Published to WordPress/Sanity.","Not Started","Not Started","Not Started","Pending","Approved","Published"
"TOPIC-172","Publication","Content Published","2025-10-16T13:41:46.564Z","Published to WordPress/Sanity.","Not Started","Not Started","Not Started","Pending","Not Started","Published"
"TOPIC-173","Publication","Content Published","2025-10-16T14:02:01.582Z","Published to WordPress/Sanity.","Not Started","Not Started","Not Started","Pending","Approved","Published"
"TOPIC-174","Publication","Content Published","2025-10-21T13:18:07.503Z","Published to WordPress/Sanity.","Not Started","Not Started","Not Started","Pending","Approved","Published"
"TOPIC-178","Publication","Content Published","2025-10-23T16:14:28.228Z","Published to WordPress/Sanity.","Not Started","Not Started","Not Started","Pending","Approved","Published"
"TOPIC-179","SEO Optimization","SEO Metadata Pending Review","2025-10-23T16:13:39.888Z","Review SEO metadata in created-content.csv.","Not Started","Not Started","Not Started","Pending","Pending","Not Started"
"TOPIC-181","Deep Topic Research","Deep Research Approved","2025-10-12T16:54:20.888Z","Deep research auto-approved. Content creation unlocked.","Not Started","Not Started","Not Started","Not Started","Not Started","Not Started"
"TOPIC-183","Deep Topic Research","Deep Research Approved","2025-10-12T16:54:20.891Z","Deep research auto-approved. Content creation unlocked.","Not Started","Not Started","Not Started","Not Started","Not Started","Not Started"
"TOPIC-184","Deep Topic Research","Deep Research Approved","2025-10-12T16:54:20.893Z","Deep research auto-approved. Content creation unlocked.","Not Started","Not Started","Not Started","Not Started","Not Started","Not Started"
"TOPIC-185","Deep Topic Research","Deep Research Approved","2025-10-12T16:54:20.897Z","Deep research auto-approved. Content creation unlocked.","Not Started","Not Started","Not Started","Not Started","Not Started","Not Started"
"TOPIC-186","Deep Topic Research","Deep Research Approved","2025-10-12T16:54:20.900Z","Deep research auto-approved. Content creation unlocked.","Not Started","Not Started","Not Started","Not Started","Not Started","Not Started"
"TOPIC-188","Deep Topic Research","Deep Research Approved","2025-10-12T16:54:20.902Z","Deep research auto-approved. Content creation unlocked.","Not Started","Not Started","Not Started","Not Started","Not Started","Not Started"
"TOPIC-189","Deep Topic Research","Deep Research Approved","2025-10-12T16:54:20.905Z","Deep research auto-approved. Content creation unlocked.","Not Started","Not Started","Not Started","Not Started","Not Started","Not Started"
"TOPIC-190","Deep Topic Research","Deep Research Approved","2025-10-12T16:54:20.909Z","Deep research auto-approved. Content creation unlocked.","Not Started","Not Started","Not Started","Not Started","Not Started","Not Started"
"TOPIC-192","Deep Topic Research","Deep Research Approved","2025-10-12T16:54:20.912Z","Deep research auto-approved. Content creation unlocked.","Not Started","Not Started","Not Started","Not Started","Not Started","Not Started"
"TOPIC-193","Deep Topic Research","Deep Research Approved","2025-10-12T16:54:20.915Z","Deep research auto-approved. Content creation unlocked.","Not Started","Not Started","Not Started","Not Started","Not Started","Not Started"
"TOPIC-194","Deep Topic Research","Deep Research Approved","2025-10-12T16:54:20.918Z","Deep research auto-approved. Content creation unlocked.","Not Started","Not Started","Not Started","Not Started","Not Started","Not Started"
"TOPIC-195","Deep Topic Research","Deep Research Approved","2025-10-12T16:54:20.922Z","Deep research auto-approved. Content creation unlocked.","Not Started","Not Started","Not Started","Not Started","Not Started","Not Started"
"TOPIC-197","Deep Topic Research","Deep Research Approved","2025-10-12T16:54:20.926Z","Deep research auto-approved. Content creation unlocked.","Not Started","Not Started","Not Started","Not Started","Not Started","Not Started"
"TOPIC-198","Deep Topic Research","Deep Research Approved","2025-10-12T16:54:20.930Z","Deep research auto-approved. Content creation unlocked.","Not Started","Not Started","Not Started","Not Started","Not Started","Not Started"
"TOPIC-199","Deep Topic Research","Deep Research Approved","2025-10-12T16:54:20.933Z","Deep research auto-approved. Content creation unlocked.","Not Started","Not Started","Not Started","Not Started","Not Started","Not Started"
"TOPIC-200","Deep Topic Research","Deep Research Approved","2025-10-12T16:54:20.937Z","Deep research auto-approved. Content creation unlocked.","Not Started","Not Started","Not Started","Not Started","Not Started","Not Started"
"TOPIC-201","Deep Topic Research","Deep Research Approved","2025-10-12T16:54:20.940Z","Deep research auto-approved. Content creation unlocked.","Not Started","Not Started","Not Started","Not Started","Not Started","Not Started"
"TOPIC-202","Deep Topic Research","Deep Research Approved","2025-10-12T16:54:20.943Z","Deep research auto-approved. Content creation unlocked.","Not Started","Not Started","Not Started","Not Started","Not Started","Not Started"
"TOPIC-203","Deep Topic Research","Deep Research Approved","2025-10-12T16:54:20.946Z","Deep research auto-approved. Content creation unlocked.","Not Started","Not Started","Not Started","Not Started","Not Started","Not Started"
"TOPIC-204","Deep Topic Research","Deep Research Approved","2025-10-12T16:54:20.949Z","Deep research auto-approved. Content creation unlocked.","Not Started","Not Started","Not Started","Not Started","Not Started","Not Started"
"TOPIC-205","Deep Topic Research","Deep Research Approved","2025-10-12T16:54:20.953Z","Deep research auto-approved. Content creation unlocked.","Not Started","Not Started","Not Started","Not Started","Not Started","Not Started"
"TOPIC-206","Deep Topic Research","Deep Research Approved","2025-10-12T16:54:20.956Z","Deep research auto-approved. Content creation unlocked.","Not Started","Not Started","Not Started","Not Started","Not Started","Not Started"
"TOPIC-207","Deep Topic Research","Deep Research Approved","2025-10-12T16:54:20.959Z","Deep research auto-approved. Content creation unlocked.","Not Started","Not Started","Not Started","Not Started","Not Started","Not Started"
"TOPIC-208","Deep Topic Research","Deep Research Approved","2025-10-12T16:54:20.963Z","Deep research auto-approved. Content creation unlocked.","Not Started","Not Started","Not Started","Not Started","Not Started","Not Started"
"TOPIC-209","Deep Topic Research","Deep Research Approved","2025-10-12T16:54:20.966Z","Deep research auto-approved. Content creation unlocked.","Not Started","Not Started","Not Started","Not Started","Not Started","Not Started"
"TOPIC-210","Deep Topic Research","Deep Research Approved","2025-10-12T16:54:20.969Z","Deep research auto-approved. Content creation unlocked.","Not Started","Not Started","Not Started","Not Started","Not Started","Not Started"
"TOPIC-211","Deep Topic Research","Deep Research Approved","2025-10-12T16:54:20.973Z","Deep research auto-approved. Content creation unlocked.","Not Started","Not Started","Not Started","Not Started","Not Started","Not Started"
"TOPIC-212","Deep Topic Research","Deep Research Approved","2025-10-12T16:54:20.976Z","Deep research auto-approved. Content creation unlocked.","Not Started","Not Started","Not Started","Not Started","Not Started","Not Started"
"TOPIC-213","Deep Topic Research","Deep Research Approved","2025-10-12T16:54:20.980Z","Deep research auto-approved. Content creation unlocked.","Not Started","Not Started","Not Started","Not Started","Not Started","Not Started"
"TOPIC-214","Deep Topic Research","Deep Research Approved","2025-10-12T16:54:20.983Z","Deep research auto-approved. Content creation unlocked.","Not Started","Not Started","Not Started","Not Started","Not Started","Not Started"
"TOPIC-215","Deep Topic Research","Deep Research Approved","2025-10-12T16:54:20.987Z","Deep research auto-approved. Content creation unlocked.","Not Started","Not Started","Not Started","Not Started","Not Started","Not Started"
"TOPIC-319","Publication","Content Published","2025-10-12T20:01:37.554Z","Published to WordPress/Sanity.","Not Started","Not Started","Approved","Pending","Pending","Published"
"TOPIC-320","Deep Topic Research","Deep Research Completed","2025-10-12T19:13:01.880Z","Deep research ready. Awaiting manual approval.","Not Started","Not Started","Not Started","Not Started","Not Started","Not Started"
"TOPIC-321","Deep Topic Research","Deep Research Completed","2025-10-12T19:13:01.884Z","Deep research ready. Awaiting manual approval.","Not Started","Not Started","Not Started","Not Started","Not Started","Not Started"
"TOPIC-323","Deep Topic Research","Deep Research Completed","2025-10-12T19:13:01.888Z","Deep research ready. Awaiting manual approval.","Not Started","Not Started","Not Started","Not Started","Not Started","Not Started"
"TOPIC-324","Deep Topic Research","Deep Research Completed","2025-10-12T19:13:01.893Z","Deep research ready. Awaiting manual approval.","Not Started","Not Started","Not Started","Not Started","Not Started","Not Started"
"TOPIC-325","Deep Topic Research","Deep Research Completed","2025-10-12T19:13:01.898Z","Deep research ready. Awaiting manual approval.","Not Started","Not Started","Not Started","Not Started","Not Started","Not Started"
"TOPIC-326","Deep Topic Research","Deep Research Completed","2025-10-12T19:13:01.902Z","Deep research ready. Awaiting manual approval.","Not Started","Not Started","Not Started","Not Started","Not Started","Not Started"
"TOPIC-327","Deep Topic Research","Deep Research Completed","2025-10-12T19:13:01.905Z","Deep research ready. Awaiting manual approval.","Not Started","Not Started","Not Started","Not Started","Not Started","Not Started"
"TOPIC-328","Deep Topic Research","Deep Research Completed","2025-10-12T19:13:01.909Z","Deep research ready. Awaiting manual approval.","Not Started","Not Started","Not Started","Not Started","Not Started","Not Started"
"TOPIC-329","Deep Topic Research","Deep Research Completed","2025-10-12T19:13:01.912Z","Deep research ready. Awaiting manual approval.","Not Started","Not Started","Not Started","Not Started","Not Started","Not Started"
"TOPIC-331","Deep Topic Research","Deep Research Completed","2025-10-12T19:13:01.915Z","Deep research ready. Awaiting manual approval.","Not Started","Not Started","Not Started","Not Started","Not Started","Not Started"
"TOPIC-332","Deep Topic Research","Deep Research Completed","2025-10-12T19:13:01.918Z","Deep research ready. Awaiting manual approval.","Not Started","Not Started","Not Started","Not Started","Not Started","Not Started"
"TOPIC-333","Deep Topic Research","Deep Research Completed","2025-10-12T19:13:01.922Z","Deep research ready. Awaiting manual approval.","Not Started","Not Started","Not Started","Not Started","Not Started","Not Started"
"TOPIC-335","Deep Topic Research","Deep Research Completed","2025-10-12T19:13:01.925Z","Deep research ready. Awaiting manual approval.","Not Started","Not Started","Not Started","Not Started","Not Started","Not Started"
"TOPIC-336","Deep Topic Research","Deep Research Completed","2025-10-12T19:13:01.929Z","Deep research ready. Awaiting manual approval.","Not Started","Not Started","Not Started","Not Started","Not Started","Not Started"
"TOPIC-337","Deep Topic Research","Deep Research Completed","2025-10-12T19:13:01.933Z","Deep research ready. Awaiting manual approval.","Not Started","Not Started","Not Started","Not Started","Not Started","Not Started"
"TOPIC-339","Deep Topic Research","Deep Research Completed","2025-10-12T19:13:01.936Z","Deep research ready. Awaiting manual approval.","Not Started","Not Started","Not Started","Not Started","Not Started","Not Started"
"TOPIC-340","Deep Topic Research","Deep Research Completed","2025-10-12T19:13:01.939Z","Deep research ready. Awaiting manual approval.","Not Started","Not Started","Not Started","Not Started","Not Started","Not Started"
"TOPIC-341","Deep Topic Research","Deep Research Completed","2025-10-12T19:13:01.943Z","Deep research ready. Awaiting manual approval.","Not Started","Not Started","Not Started","Not Started","Not Started","Not Started"
"TOPIC-342","Deep Topic Research","Deep Research Completed","2025-10-12T19:13:01.947Z","Deep research ready. Awaiting manual approval.","Not Started","Not Started","Not Started","Not Started","Not Started","Not Started"
"TOPIC-343","Deep Topic Research","Deep Research Completed","2025-10-12T19:13:01.950Z","Deep research ready. Awaiting manual approval.","Not Started","Not Started","Not Started","Not Started","Not Started","Not Started"
"TOPIC-344","Deep Topic Research","Deep Research Completed","2025-10-12T19:13:01.953Z","Deep research ready. Awaiting manual approval.","Not Started","Not Started","Not Started","Not Started","Not Started","Not Started"
"TOPIC-345","Deep Topic Research","Deep Research Completed","2025-10-12T19:13:01.957Z","Deep research ready. Awaiting manual approval.","Not Started","Not Started","Not Started","Not Started","Not Started","Not Started"
"TOPIC-346","Deep Topic Research","Deep Research Completed","2025-10-12T19:13:01.960Z","Deep research ready. Awaiting manual approval.","Not Started","Not Started","Not Started","Not Started","Not Started","Not Started"
"TOPIC-347","Deep Topic Research","Deep Research Completed","2025-10-12T19:13:01.964Z","Deep research ready. Awaiting manual approval.","Not Started","Not Started","Not Started","Not Started","Not Started","Not Started"
"TOPIC-348","Deep Topic Research","Deep Research Completed","2025-10-12T19:13:01.967Z","Deep research ready. Awaiting manual approval.","Not Started","Not Started","Not Started","Not Started","Not Started","Not Started"
"TOPIC-349","Deep Topic Research","Deep Research Completed","2025-10-12T19:13:01.971Z","Deep research ready. Awaiting manual approval.","Not Started","Not Started","Not Started","Not Started","Not Started","Not Started"
"TOPIC-351","Deep Topic Research","Deep Research Completed","2025-10-12T19:13:01.974Z","Deep research ready. Awaiting manual approval.","Not Started","Not Started","Not Started","Not Started","Not Started","Not Started"
"TOPIC-352","Deep Topic Research","Deep Research Completed","2025-10-12T19:13:01.980Z","Deep research ready. Awaiting manual approval.","Not Started","Not Started","Not Started","Not Started","Not Started","Not Started"
"TOPIC-353","Deep Topic Research","Deep Research Completed","2025-10-12T19:13:01.984Z","Deep research ready. Awaiting manual approval.","Not Started","Not Started","Not Started","Not Started","Not Started","Not Started"
"TOPIC-355","Deep Topic Research","Deep Research Completed","2025-10-12T19:13:01.988Z","Deep research ready. Awaiting manual approval.","Not Started","Not Started","Not Started","Not Started","Not Started","Not Started"
"TOPIC-356","Deep Topic Research","Deep Research Completed","2025-10-12T19:13:01.992Z","Deep research ready. Awaiting manual approval.","Not Started","Not Started","Not Started","Not Started","Not Started","Not Started"
"TOPIC-357","Deep Topic Research","Deep Research Completed","2025-10-12T19:13:01.996Z","Deep research ready. Awaiting manual approval.","Not Started","Not Started","Not Started","Not Started","Not Started","Not Started"
"TOPIC-358","Deep Topic Research","Deep Research Completed","2025-10-12T19:13:02.000Z","Deep research ready. Awaiting manual approval.","Not Started","Not Started","Not Started","Not Started","Not Started","Not Started"
"TOPIC-359","Deep Topic Research","Deep Research Completed","2025-10-12T19:13:02.004Z","Deep research ready. Awaiting manual approval.","Not Started","Not Started","Not Started","Not Started","Not Started","Not Started"
"TOPIC-360","Deep Topic Research","Deep Research Completed","2025-10-12T19:13:02.008Z","Deep research ready. Awaiting manual approval.","Not Started","Not Started","Not Started","Not Started","Not Started","Not Started"
"TOPIC-361","Deep Topic Research","Deep Research Completed","2025-10-12T19:13:02.012Z","Deep research ready. Awaiting manual approval.","Not Started","Not Started","Not Started","Not Started","Not Started","Not Started"
"TOPIC-362","Deep Topic Research","Deep Research Completed","2025-10-12T19:13:02.015Z","Deep research ready. Awaiting manual approval.","Not Started","Not Started","Not Started","Not Started","Not Started","Not Started"
"TOPIC-365","Deep Topic Research","Deep Research Completed","2025-10-12T19:13:02.019Z","Deep research ready. Awaiting manual approval.","Not Started","Not Started","Not Started","Not Started","Not Started","Not Started"
"TOPIC-367","Deep Topic Research","Deep Research Completed","2025-10-12T19:13:02.023Z","Deep research ready. Awaiting manual approval.","Not Started","Not Started","Not Started","Not Started","Not Started","Not Started"
"RESEARCH-BATCH-2025-10-13","Master SEO Research","Research Completed","2025-10-13T09:56:34.998Z","Generated 4 content gaps using real Google data","Not Started","Not Started","Not Started","Not Started","Not Started","Not Started"
"TOPICS-BATCH-2025-10-13","Topic Generation","Topics Generated","2025-10-13T08:20:08.417Z","Generated 50 strategic topics from 95 approved gaps","Not Started","Not Started","Not Started","Not Started","Not Started","Not Started"
"TOPIC-369","Publication","Content Published","2025-10-13T04:37:06.514Z","Published to WordPress/Sanity.","Not Started","Not Started","Not Started","Pending","Approved","Published"
"TOPIC-469","Publication","Content Published","2025-10-13T08:03:14.797Z","Published to WordPress/Sanity.","Not Started","Not Started","Not Started","Pending","Approved","Published"
"TOPIC-545","Content Creation","Content Drafted","2025-10-16T13:37:08.781Z","Draft ready for SEO optimization","Not Started","Not Started","Not Started","Pending","Approved","Published"
"RESEARCH-BATCH-2025-10-16","Master SEO Research","Research Completed","2025-10-16T14:03:45.424Z","Generated 4 content gaps using real Google data","Not Started","Not Started","Not Started","Not Started","Not Started","Not Started"
"TOPICS-BATCH-2025-10-16","Topic Generation","Topics Generated","2025-10-16T14:07:21.502Z","Generated 50 strategic topics from 112 approved gaps","Not Started","Not Started","Not Started","Not Started","Not Started","Not Started"
"TOPIC-645","Publication","Content Published","2025-10-16T14:09:36.029Z","Published to WordPress/Sanity.","Not Started","Not Started","Not Started","Pending","Approved","Published"
"RESEARCH-BATCH-2025-10-17","Master SEO Research","Research Completed","2025-10-17T10:38:41.497Z","Generated 4 content gaps using real Google data","Not Started","Not Started","Not Started","Not Started","Not Started","Not Started"
"TOPICS-BATCH-2025-10-17","Topic Generation","Topics Generated","2025-10-17T10:39:20.863Z","Generated 45 strategic topics from 116 approved gaps","Not Started","Not Started","Not Started","Not Started","Not Started","Not Started"
"RESEARCH-BATCH-2025-10-23","Master SEO Research","Research Completed","2025-10-23T16:10:04.214Z","Generated 2 content gaps using real Google data","Not Started","Not Started","Not Started","Not Started","Not Started","Not Started"
"TOPICS-BATCH-2025-10-23","Topic Generation","Topics Generated","2025-10-23T16:10:52.065Z","Generated 50 strategic topics from 121 approved gaps","Not Started","Not Started","Not Started","Not Started","Not Started","Not Started"
"TOPIC-790","Publication","Content Published","2025-10-23T16:58:25.313Z","Published to WordPress/Sanity.","Not Started","Not Started","Not Started","Pending","Approved","Published"
"TOPIC-840","Deep Topic Research","Deep Research Completed","2025-10-23T16:11:33.944Z","Deep research ready. Awaiting manual approval.","Not Started","Not Started","Not Started","Not Started","Not Started","Not Started"
"RESEARCH-BATCH-2025-10-27","Master SEO Research","Research Completed","2025-10-27T09:07:52.129Z","Generated 10 content gaps using real Google data","Not Started","Not Started","Not Started","Not Started","Not Started","Not Started"
